"cmpgn_id","cmpgn_nm","copn_plcy_num","copn_plcy_nm","cnts_prod_id","prod_nm","copn_yn","cmpgn_svc_cnt","copn_use_cnt","copn_use_sta_dt","toast_yn","toast_cmpgn_cnt","toast_show_cnt","toast_click_cnt","toast_go_cnt","toast_exit_cnt","toast_show_dt","smart_cmpgn_cnt","smart_show_cnt","smart_click_cnt","smart_go_cnt","smart_exit_cnt"
C2600IP,"CJ ENM 월정액 3개월 5,500원_5월 1차",A1CP1020261000120659,"[온가족특가] CJ ENM 월정액 3개월 내내 5,500원",PM30000154,CJ ENM 월정액,1,499951,1862,"20260618",1,499951,274092,222615,10321,217083,"20260730",235681,235665,185457,11825,180738
C2600IP,"CJ ENM 월정액 3개월 5,500원_5월 1차",DummyOffer,-,,,1,499405,0,,1,499405,274012,222533,10300,217022,"20260730",0,0,0,0,0
C2600IY,"JTBC 월정액 6개월 약정 3,300원_5월 1차",A1CP1020261000120658,"[온가족특가] JTBC 6개월 약정 기간 내내 월 3,300원",PM30000269,JTBC 월정액,1,499930,381,"20260531",1,499930,318352,236818,11251,230563,"20260730",170264,170250,124905,7762,120971
C2600IY,"JTBC 월정액 6개월 약정 3,300원_5월 1차",DummyOffer,-,,,1,499109,0,,1,499109,318307,236787,11248,230535,"20260730",0,0,0,0,0
C2600IZ,[모바일 B tv] '26년 4월 무비 쿠폰 도미노 앱푸쉬 (Mass),,-,,,0,936525,0,,0,0,0,0,0,0,,0,0,0,0,0
C2600J2,[주기성]26년_5월 조합상품 미시청 고객 캐시 적립,PR102026100000125961,-,,,1,4059,0,,0,0,0,0,0,0,,0,0,0,0,0
C2600J2,[주기성]26년_5월 조합상품 미시청 고객 캐시 적립,PR102026100000125962,-,,,1,4058,0,,0,0,0,0,0,0,,0,0,0,0,0
C2600J5,"지상파 월정액 3개월 내내 5,500원_5월 1차",A1CP1020261000120660,"[온가족특가] 지상파 월정액 3개월 내내 월 5,500원",PM30000150,지상파 3사 월정액,1,497189,1885,"20260611",0,0,0,0,0,0,,293513,293494,232007,16062,225790
C2600J7,"지상파 월정액 3개월 내내 5,500원_5월 2차",A1CP1020261000120660,"[온가족특가] 지상파 월정액 3개월 내내 월 5,500원",PM30000150,지상파 3사 월정액,1,497182,1879,"20260731",0,0,0,0,0,0,,268187,268174,210213,14634,204617
C2600JA,<오시리스> 할인쿠폰 프로모션,A1SA1020261000120652,"[오시리스 런칭] 영화 3,300원 할인",,,1,680,334,"20260529",1,680,330,199,0,199,"20260522",405,405,339,31,321
C2600JB,<극장의 시간들> 할인쿠폰 프로모션,A1SA1020261000120746,"[극장의 시간들 런칭] 영화 5,500원 할인",,,1,32,20,"20260529",1,32,14,11,0,11,"20260514",15,15,12,2,12
C2600JD,"2605_무빙 연장 동의_TV팝업_6차",,-,,,0,4499,0,,0,0,0,0,0,0,,0,0,0,0,0
C2600JE,<캣 앤 독> 할인쿠폰 프로모션,A1SA1020261000120747,"[캣 앤 독 런칭] 영화 5,500원 할인",,,1,160,81,"20260601",1,160,106,57,0,57,"20260519",99,99,77,11,71
C2600JF,"2605_주기성_전환동의 띠배너",,-,,,0,11079,0,,0,0,0,0,0,0,,0,0,0,0,0
C2600JG,"2605_주기성_전환동의 띠배너 편성제외",,-,,,0,595,0,,0,0,0,0,0,0,,0,0,0,0,0
C2600JJ,[팝업] 밸류애드팀 STB 교체(26.5.04)_1-1차,,-,,,0,298566,0,,0,0,0,0,0,0,,0,0,0,0,0
C2600JL,[팝업] 밸류애드팀 STB 교체(26.5.04)_1-2차,,-,,,0,326107,0,,0,0,0,0,0,0,,0,0,0,0,0
C2600JN,[팝업] 밸류애드팀 STB 교체(26.5.04)_1-3차,,-,,,0,283885,0,,0,0,0,0,0,0,,0,0,0,0,0
C2600JO,[팝업] 밸류애드팀 Btv 업_단기(26.5.05)_1-1차,,-,,,0,268888,0,,0,0,0,0,0,0,,0,0,0,0,0
C2600JP,[팝업] 밸류애드팀 Btv 업_단기(26.5.05)_1-2차,,-,,,0,291751,0,,0,0,0,0,0,0,,0,0,0,0,0
C2600JQ,[팝업] 밸류애드팀 Btv 업_단기(26.5.05)_1-3차,,-,,,0,142792,0,,0,0,0,0,0,0,,0,0,0,0,0
C2600JR,[팝업] B tv All+(조합형)(26.5.05)_1-1차,,-,,,0,573291,0,,0,0,0,0,0,0,,0,0,0,0,0
C2600JS,[팝업] B tv 스탠다드+(조합형)_(26.5.05)_1-1차,,-,,,0,435171,0,,0,0,0,0,0,0,,0,0,0,0,0
C2600JT,[팝업] 밸류애드팀 Btv 업_장기(26.5.06)_1-1차,,-,,,0,393575,0,,0,0,0,0,0,0,,0,0,0,0,0
C2600JU,[팝업] 밸류애드팀 Btv 업_장기(26.5.06)_1-2차,,-,,,0,385230,0,,0,0,0,0,0,0,,0,0,0,0,0
C2600JV,[팝업] 밸류애드팀 Btv 업_장기(26.5.06)_1-3차,,-,,,0,397448,0,,0,0,0,0,0,0,,0,0,0,0,0
C2600JX,[팝업] 밸류애드팀 Btv 업_장기(26.5.06)_1-4차,,-,,,0,175226,0,,0,0,0,0,0,0,,0,0,0,0,0
C2600JZ,"JTBC 월정액 6개월 약정 3,300원_5월 2차",A1CP1020261000120658,"[온가족특가] JTBC 6개월 약정 기간 내내 월 3,300원",PM30000269,JTBC 월정액,1,500033,360,"20260616",1,500033,330472,252935,13030,246308,"20260724",277738,277724,209011,12816,202900
C2600JZ,"JTBC 월정액 6개월 약정 3,300원_5월 2차",DummyOffer,-,,,1,499422,0,,1,499422,330397,252884,13021,246266,"20260724",0,0,0,0,0
C2600K8,<몽타주: 6일간의 추격> 타겟 프로모션_40%_0430,A1SA1020261000120748,[즉시 할인] 몽타주: 6일간의 추격 40% 할인쿠폰,,,1,736713,287,"20260507",1,736713,285745,160150,5543,154608,"20260730",462477,462462,401833,30905,394099
C2600KA,"26년 5월_B tv+ 비플리_UI 540 이하(1969)_토팝 멀티스탭",DummyOffer,-,,,1,219617,0,,1,219617,1950,43834,3387,42507,"20260605",0,0,0,0,0
C2600KB,[주기성] 26년 5월_B tv+ 5월 비플리_가입자 제외,DummyOffer,-,,,1,33901,0,,0,0,0,0,0,0,,0,0,0,0,0
C2600KD,[주기성/쿠폰] <프로젝트헤일메리&인생SF전> 할인쿠폰 프로모션,A1PR1020261000120752,[프로젝트헤일메리] 인생SF영화 추가 30% 할인,,,1,9365,116,"20260524",1,9365,5359,3188,0,3188,"20260603",6621,6621,5881,743,5640
C2600KE,무비혜택도미도 쿠폰 사용 안내,,-,,,0,107256,0,,1,107256,23800,12872,0,12872,"20260726",0,0,0,0,0
C2600KI,"JTBC 월정액 6개월 약정 3,300원_5월 3차",A1CP1020261000120658,"[온가족특가] JTBC 6개월 약정 기간 내내 월 3,300원",PM30000269,JTBC 월정액,1,586286,56,"20260531",1,586286,277456,131886,4806,127080,"20260731",371770,371738,276782,17894,269308
C2600KK,"CJ ENM 월정액 3개월 5,500원_5월 2차",A1CP1020261000120659,"[온가족특가] CJ ENM 월정액 3개월 내내 5,500원",PM30000154,CJ ENM 월정액,1,538808,986,"20260702",1,538808,196768,115099,3524,111575,"20260729",282364,282330,197323,10070,191312
C2600KM,"지상파 월정액 3개월 내내 5,500원_5월 3차",A1CP1020261000120660,"[온가족특가] 지상파 월정액 3개월 내내 월 5,500원",PM30000150,지상파 3사 월정액,1,489625,587,"20260601",0,0,0,0,0,0,,107307,107297,71425,3977,68762
C2600KN,JTBC 월정액 첫달 무료_5월 1차,A1SA1020261000119567,[깜짝 특가] JTBC 월정액 1개월 100% 할인 쿠폰,PM30000269,JTBC 월정액,1,434776,1997,"20260627",0,0,0,0,0,0,,144759,144755,113123,11189,109718
C2600KO,<폭탄> 할인쿠폰 프로모션,A1SA1020261000120751,"[폭탄 런칭] 영화 5,500원 할인",,,1,156,101,"20260605",1,156,89,59,0,59,"20260522",99,99,90,8,86
C2600KP,<왕과 사는 남자> 할인쿠폰 프로모션,A1SA1020261000120651,"[왕과 사는 남자 런칭] 영화 4,400원 할인",,,1,1200,151,"20260527",1,1200,837,446,0,446,"20260601",846,846,733,68,708
C2600KR,[모바일 B tv] '26년 5월 <프로젝트헤일메리> 인생SF전 앱푸쉬(Mass),,-,,,0,934896,0,,0,0,0,0,0,0,,0,0,0,0,0
C2600KS,[팝업] 밸류애드팀 STB 교체(26.5.11)_2-1차,,-,,,0,297620,0,,0,0,0,0,0,0,,0,0,0,0,0
C2600KT,[팝업] 밸류애드팀 STB 교체(26.5.11)_2-2차,,-,,,0,325298,0,,0,0,0,0,0,0,,0,0,0,0,0
C2600KU,[팝업] 밸류애드팀 STB 교체(26.5.11)_2-3차,,-,,,0,283020,0,,0,0,0,0,0,0,,0,0,0,0,0
C2600KV,[팝업] 밸류애드팀 Btv 업_단기(26.5.12)_2-1차,,-,,,0,267321,0,,0,0,0,0,0,0,,0,0,0,0,0
C2600KW,[팝업] 밸류애드팀 Btv 업_단기(26.5.12)_2-2차,,-,,,0,291390,0,,0,0,0,0,0,0,,0,0,0,0,0
C2600KX,[팝업] 밸류애드팀 Btv 업_단기(26.5.12)_2-3차,,-,,,0,142440,0,,0,0,0,0,0,0,,0,0,0,0,0
C2600KY,[팝업] B tv All+(조합형)(26.5.12)_2-1차,,-,,,0,571806,0,,0,0,0,0,0,0,,0,0,0,0,0
C2600KZ,[팝업] B tv 스탠다드+(조합형)_(26.5.12)_2-1차,,-,,,0,434493,0,,0,0,0,0,0,0,,0,0,0,0,0
C2600L0,[팝업] 밸류애드팀 Btv 업_장기(26.5.13)_2-1차,,-,,,0,392285,0,,0,0,0,0,0,0,,0,0,0,0,0
C2600L1,[팝업] 밸류애드팀 Btv 업_장기(26.5.13)_2-2차,,-,,,0,384050,0,,0,0,0,0,0,0,,0,0,0,0,0
C2600L2,[팝업] 밸류애드팀 Btv 업_장기(26.5.13)_2-3차,,-,,,0,396123,0,,0,0,0,0,0,0,,0,0,0,0,0
C2600L3,[팝업] 밸류애드팀 Btv 업_장기(26.5.13)_2-4차,,-,,,0,174521,0,,0,0,0,0,0,0,,0,0,0,0,0
C2600L4,"2605_무빙 연장 동의_TV팝업_7차",,-,,,0,4411,0,,0,0,0,0,0,0,,0,0,0,0,0
C2600L5,"26년 5월_B tv+ 크런치롤_할인쿠폰",A1PR1020261000120053,[크런치롤] B tv 애니 장르 30% 할인,,,1,35,10,"20260531",1,33,22,18,6,12,"20260508",21,21,20,5,17
C2600L6,<프로젝트 헤일메리> 런칭 안내 팝업 (5/7),,-,,,0,6334468,0,,0,0,0,0,0,0,,0,0,0,0,0
C2600L7,"26년 5월_B tv+ 비플리_UI 541 이상_1차(~5/17)_1(1770)",A1CP1020261000120853,[가정의 달] B tv+ 12개월 50% 할인 (~5/17),PM30000107,B tv+,1,789312,700,"20260517",1,787596,387756,207527,7166,200362,"20260707",526440,526426,443583,36135,433796
C2600L7,"26년 5월_B tv+ 비플리_UI 541 이상_1차(~5/17)_1(1770)",DummyOffer,-,,,1,787596,0,,1,787596,387756,207527,7166,200362,"20260707",0,0,0,0,0
C2600L8,"26년 5월_B tv+ 비플리_UI 541 이상_1차(~5/17)_2(1770)",A1CP1020261000120853,[가정의 달] B tv+ 12개월 50% 할인 (~5/17),PM30000107,B tv+,1,790716,290,"20260615",1,789121,409390,208536,7841,200695,"20260706",547491,547475,445375,33139,435696
C2600L8,"26년 5월_B tv+ 비플리_UI 541 이상_1차(~5/17)_2(1770)",DummyOffer,-,,,1,789121,0,,1,789121,409390,208536,7841,200695,"20260706",0,0,0,0,0
C2600L9,"26년 5월_B tv+ 비플리_UI 541 이상_1차(~5/17)_3(1770)",A1CP1020261000120853,[가정의 달] B tv+ 12개월 50% 할인 (~5/17),PM30000107,B tv+,1,307754,40,"20260517",1,307274,214276,91166,2496,88670,"20260609",272259,272254,210617,11508,207018
C2600L9,"26년 5월_B tv+ 비플리_UI 541 이상_1차(~5/17)_3(1770)",DummyOffer,-,,,1,307274,0,,1,307274,214276,91166,2496,88670,"20260609",0,0,0,0,0
C2600LA,"26년 5월_B tv+ 비플리_UI 541 이상_1차(~5/17)_4(1770)",A1CP1020261000120853,[가정의 달] B tv+ 12개월 50% 할인 (~5/17),PM30000107,B tv+,1,794204,157,"20260731",1,792879,604855,293530,8325,285205,"20260703",711923,711908,596026,33926,586915
C2600LA,"26년 5월_B tv+ 비플리_UI 541 이상_1차(~5/17)_4(1770)",DummyOffer,-,,,1,792879,0,,1,792879,604855,293530,8325,285205,"20260703",0,0,0,0,0
C2600LB,"2605_무빙 연장 동의_TDB_2차",,-,,,0,4411,0,,0,0,0,0,0,0,,0,0,0,0,0
C2600LD,"2605_무빙 연장 동의_TV팝업_8차",,-,,,0,4348,0,,0,0,0,0,0,0,,0,0,0,0,0
C2600LE,"CJ ENM 월정액 3개월 5,500원_5월 3차",A1CP1020261000120659,"[온가족특가] CJ ENM 월정액 3개월 내내 5,500원",PM30000154,CJ ENM 월정액,1,574780,508,"20260729",1,574780,289266,145361,5837,139524,"20260725",350827,350801,250105,14933,242047
C2600LF,"2605_SPOTV B캐시 프로모션_TB",,-,,,0,2436831,0,,0,0,0,0,0,0,,0,0,0,0,0
C2600LG,<스피드> 할인쿠폰 프로모션,A1SA1020261000120858,"[스피드 런칭] 영화 5,500원 할인",,,1,173,103,"20260611",1,173,102,68,0,68,"20260531",105,105,87,8,85
C2600LH,[팝업] 밸류애드팀 STB 교체(26.5.18)_3-1차,,-,,,0,298956,0,,0,0,0,0,0,0,,0,0,0,0,0
C2600LI,[팝업] 밸류애드팀 STB 교체(26.5.18)_3-2차,,-,,,0,281982,0,,0,0,0,0,0,0,,0,0,0,0,0
C2600LJ,[팝업] 밸류애드팀 STB 교체(26.5.18)_3-3차,,-,,,0,333115,0,,0,0,0,0,0,0,,0,0,0,0,0
C2600LK,[팝업] 밸류애드팀 Btv 업_단기(26.5.19)_3-1차,,-,,,0,283215,0,,0,0,0,0,0,0,,0,0,0,0,0
C2600LL,[팝업] 밸류애드팀 Btv 업_단기(26.5.19)_3-2차,,-,,,0,296826,0,,0,0,0,0,0,0,,0,0,0,0,0
C2600LM,[팝업] 밸류애드팀 Btv 업_단기(26.5.19)_3-3차,,-,,,0,146750,0,,0,0,0,0,0,0,,0,0,0,0,0
C2600LN,[모바일 B tv] '26년 5월 페어링 이벤트 앱푸쉬 (Mass),,-,,,0,931781,0,,0,0,0,0,0,0,,0,0,0,0,0
C2600LO,[팝업] B tv All+(조합형)(26.5.19)_3-1차,,-,,,0,580935,0,,0,0,0,0,0,0,,0,0,0,0,0
C2600LP,[팝업] B tv 스탠다드+(조합형)_(26.5.19)_3-1차,,-,,,0,442026,0,,0,0,0,0,0,0,,0,0,0,0,0
C2600LQ,"2605_SPOTV B캐시 프로모션_B캐시 지급",SA102026100000126262,-,,,1,540,0,,0,0,0,0,0,0,,0,0,0,0,0
C2600LR,[팝업] 밸류애드팀 Btv 업_장기(26.5.20)_3-1차,,-,,,0,406910,0,,0,0,0,0,0,0,,0,0,0,0,0
C2600LS,[팝업] 밸류애드팀 Btv 업_장기(26.5.20)_3-2차,,-,,,0,385294,0,,0,0,0,0,0,0,,0,0,0,0,0
C2600LT,[팝업] 밸류애드팀 Btv 업_장기(26.5.20)_3-3차,,-,,,0,177041,0,,0,0,0,0,0,0,,0,0,0,0,0
C2600LU,[팝업] 밸류애드팀 Btv 업_장기(26.5.20)_3-4차,,-,,,0,404726,0,,0,0,0,0,0,0,,0,0,0,0,0
C2600LV,수요1+1무비쿠폰(5월 프로모션 안내),,-,,,0,3742303,0,,0,0,0,0,0,0,,0,0,0,0,0
C2600LW,수요1+1무비쿠폰(5월 쿠폰발급),A1PR1020261000120851,[연휴무비쿠폰] 20% 할인(5천원 이상 사용),,,1,929,93,"20260525",1,929,609,327,0,327,"20260530",643,642,525,93,484
C2600LX,"26년 5월_B tv+ 비플리_UI 541 이상_2차(~5/25)_1(1770)",A1CP1020261000120859,[가정의 달] B tv+ 12개월 50% 할인 (~5/25),PM30000107,B tv+,1,785797,719,"20260626",0,0,0,0,0,0,,535794,535774,450280,35736,440548
C2600LY,"26년 5월_B tv+ 비플리_UI 541 이상_2차(~5/25)_2(1770)",A1CP1020261000120859,[가정의 달] B tv+ 12개월 50% 할인 (~5/25),PM30000107,B tv+,1,789032,361,"20260525",0,0,0,0,0,0,,561154,561134,456609,34791,446167
C2600LZ,"26년 5월_B tv+ 비플리_UI 541 이상_2차(~5/25)_3(1770)",A1CP1020261000120859,[가정의 달] B tv+ 12개월 50% 할인 (~5/25),PM30000107,B tv+,1,792480,199,"20260525",0,0,0,0,0,0,,720792,720782,608410,35956,598945
C2600M0,"26년 5월_B tv+ 비플리_UI 541 이상_2차(~5/25)_4(1770)",A1CP1020261000120859,[가정의 달] B tv+ 12개월 50% 할인 (~5/25),PM30000107,B tv+,1,306994,41,"20260525",0,0,0,0,0,0,,275098,275093,211909,11423,208242
C2600M2,"26년 5월_B tv+ 당첨자_UI 541 이상_1(1770)",DummyOffer,-,,,1,784223,0,,1,784223,456545,305115,11583,296796,"20260731",0,0,0,0,0
C2600M4,"2605_SPOTV B캐시 프로모션_TV팝업 추가",,-,,,0,355498,0,,0,0,0,0,0,0,,0,0,0,0,0
C2600M6,JTBC 월정액 첫달 무료_5월 2차,A1SA1020261000119567,[깜짝 특가] JTBC 월정액 1개월 100% 할인 쿠폰,PM30000269,JTBC 월정액,1,436407,3215,"20260627",0,0,0,0,0,0,,192170,192165,151257,12319,147576
C2600M7,[모바일 B tv] '26년 5월 수요 1+1 무비 쿠폰 앱푸쉬 (Mass),,-,,,0,929676,0,,0,0,0,0,0,0,,0,0,0,0,0
C2600M8,<짱구> 할인쿠폰 프로모션,A1SA1020261000120863,"[짱구 런칭] 영화 5,500원 할인",,,1,9770,2933,"20260619",1,9770,6311,3820,0,3820,"20260723",7067,7067,6171,627,5918
C2600MB,<힌드의 목소리> 할인쿠폰 프로모션,A1SA1020261000120864,"[힌드의 목소리 런칭] 영화 5,500원 할인",,,1,46,35,"20260611",1,46,27,16,0,16,"20260601",22,22,19,4,17
C2600MF,AI커머스광고 5월 프로모션,,-,,,0,856555,0,,0,0,0,0,0,0,,0,0,0,0,0
C2600MI,JTBC 월정액 첫달 무료_6월 1차,A1SA1020261000119567,[깜짝 특가] JTBC 월정액 1개월 100% 할인 쿠폰,PM30000269,JTBC 월정액,1,499946,2836,"20260703",0,0,0,0,0,0,,415444,415428,362980,35953,356370
C2600MJ,[팝업] 밸류애드팀 STB 교체(26.5.25)_4-1차,,-,,,0,296200,0,,0,0,0,0,0,0,,0,0,0,0,0
C2600MK,"26년 5월_B tv+ 비플리_UI 541 이상_3차(~5/31)_1",A1CP1020261000120854,[가정의 달] B tv+ 12개월 50% 할인 (~5/31),PM30000107,B tv+,1,783182,572,"20260624",0,0,0,0,0,0,,515810,515768,405899,26448,394860
C2600ML,"26년 5월_B tv+ 비플리_UI 541 이상_3차(~5/31)_2",A1CP1020261000120854,[가정의 달] B tv+ 12개월 50% 할인 (~5/31),PM30000107,B tv+,1,788020,277,"20260531",0,0,0,0,0,0,,538700,538658,394332,24593,383051
C2600MM,"26년 5월_B tv+ 비플리_UI 541 이상_3차(~5/31)_3",A1CP1020261000120854,[가정의 달] B tv+ 12개월 50% 할인 (~5/31),PM30000107,B tv+,1,790966,134,"20260531",0,0,0,0,0,0,,709171,709142,562800,28232,552654
C2600MN,"26년 5월_B tv+ 비플리_UI 541 이상_3차(~5/31)_4",A1CP1020261000120854,[가정의 달] B tv+ 12개월 50% 할인 (~5/31),PM30000107,B tv+,1,306247,32,"20260531",0,0,0,0,0,0,,271973,271957,198350,9770,194525
C2600MO,[팝업] 밸류애드팀 STB 교체(26.5.25)_4-2차,,-,,,0,279643,0,,0,0,0,0,0,0,,0,0,0,0,0
C2600MP,[팝업] 밸류애드팀 STB 교체(26.5.25)_4-3차,,-,,,0,330197,0,,0,0,0,0,0,0,,0,0,0,0,0
C2600MQ,[팝업] 밸류애드팀 Btv 업_단기(26.5.26)_4-1차,,-,,,0,281848,0,,0,0,0,0,0,0,,0,0,0,0,0
C2600MR,[팝업] 밸류애드팀 Btv 업_단기(26.5.26)_4-2차,,-,,,0,296080,0,,0,0,0,0,0,0,,0,0,0,0,0
C2600MS,[팝업] 밸류애드팀 Btv 업_단기(26.5.26)_4-3차,,-,,,0,146315,0,,0,0,0,0,0,0,,0,0,0,0,0
C2600MT,[팝업] B tv All+(조합형)(26.5.26)_4-1차,,-,,,0,578964,0,,0,0,0,0,0,0,,0,0,0,0,0
C2600MU,[팝업] B tv 스탠다드+(조합형)_(26.5.26)_4-1차,,-,,,0,441226,0,,0,0,0,0,0,0,,0,0,0,0,0
C2600MV,[팝업] 밸류애드팀 Btv 업_장기(26.5.27)_4-1차,,-,,,0,404884,0,,0,0,0,0,0,0,,0,0,0,0,0
C2600MW,[팝업] 밸류애드팀 Btv 업_장기(26.5.27)_4-2차,,-,,,0,382285,0,,0,0,0,0,0,0,,0,0,0,0,0
C2600MX,[팝업] 밸류애드팀 Btv 업_장기(26.5.27)_4-3차,,-,,,0,175522,0,,0,0,0,0,0,0,,0,0,0,0,0
C2600MY,[팝업] 밸류애드팀 Btv 업_장기(26.5.27)_4-4차,,-,,,0,402636,0,,0,0,0,0,0,0,,0,0,0,0,0
C2600MZ,"2605_무빙 연장 동의_TV팝업_9차",,-,,,0,4266,0,,0,0,0,0,0,0,,0,0,0,0,0
C2600N0,"26년 5월_B tv+ 당첨자_UI 541 이상_2(1770)",DummyOffer,-,,,1,788395,0,,1,788395,472069,305746,12873,296114,"20260731",0,0,0,0,0
C2600N1,"26년 5월_B tv+ 당첨자_UI 541 이상_3(1770)",DummyOffer,-,,,1,791175,0,,1,791175,627743,405277,12617,396583,"20260727",0,0,0,0,0
C2600N2,"26년 5월_B tv+ 당첨자_UI 541 이상_4(1770)",DummyOffer,-,,,1,306420,0,,1,306420,219165,113424,3506,110618,"20260710",0,0,0,0,0
C2600N3,[주기성/쿠폰] <살목지&K-공포상영회> 할인쿠폰 프로모션,A1PR1020261000120873,[K-공포 상영회] 영화 50% 할인,,,1,34550,506,"20260616",1,34550,20703,12128,0,12128,"20260717",24118,24117,21564,2720,20877
C2600N4,(주기성) 6월 쿠폰팩 GCP(5/24~6/21가입)_TB,A1CP1020261000120865,[FREE PASS] B tv+ 1개월 무료_26년6월,PM30000107,B tv+,1,51974,896,"20260629",0,0,0,0,0,0,,10315,10313,8157,1583,7489
C2600N4,(주기성) 6월 쿠폰팩 GCP(5/24~6/21가입)_TB,A1CP1020261000120866,[FREE PASS] 지상파 3사 1개월 무료_26년6월,PM30000150,지상파 3사 월정액,1,51974,498,"20260629",0,0,0,0,0,0,,10119,10118,8414,1488,7871
C2600N4,(주기성) 6월 쿠폰팩 GCP(5/24~6/21가입)_TB,A1CP1020261000120867,[FREE PASS] CJ ENM 1개월 무료_26년6월,PM30000154,CJ ENM 월정액,1,51974,408,"20260629",0,0,0,0,0,0,,9241,9241,7703,1452,7117
C2600N4,(주기성) 6월 쿠폰팩 GCP(5/24~6/21가입)_TB,A1SA1020261000120868,[FREE PASS] JTBC 1개월 무료_26년6월,PM30000269,JTBC 월정액,1,51850,144,"20260629",0,0,0,0,0,0,,8812,8812,7301,1281,6793
C2600N4,(주기성) 6월 쿠폰팩 GCP(5/24~6/21가입)_TB,A1SA1020261000120869,[FREE PASS] SPOTV 프라임패키지 1개월 무료_26년6월,PM35000007,SPOTV 프라임패키지,1,51850,445,"20260629",0,0,0,0,0,0,,10483,10482,8643,1513,8058
C2600N5,(일회성) 6월 쿠폰팩 GCP(5/1~5/23가입)_TB,A1CP1020261000120865,[FREE PASS] B tv+ 1개월 무료_26년6월,PM30000107,B tv+,1,39468,616,"20260629",0,0,0,0,0,0,,34019,34016,28663,5213,26752
C2600N5,(일회성) 6월 쿠폰팩 GCP(5/1~5/23가입)_TB,A1CP1020261000120866,[FREE PASS] 지상파 3사 1개월 무료_26년6월,PM30000150,지상파 3사 월정액,1,39468,291,"20260629",0,0,0,0,0,0,,3959,3958,2365,226,2200
C2600N7,"2605_SPOTV B캐시 이벤트_토팝 추가",,-,,,0,190,0,,1,190,99,51,3,48,"20260531",0,0,0,0,0
C2600NA,"26년 5월 B tv+ 할인 연장 캠페인_1주년 5,500원",A1CP1020261000120954,"[가입 유지 선물] B tv+ 월 5,500원 혜택 6개월 자동 연장_5월",PM30000107,B tv+,1,2218,2216,"20260731",1,2218,1424,969,123,846,"20260619",0,0,0,0,0
C2600NC,"26년 5월 B tv+ 할인 연장 캠페인_1주년 4,400원",A1CP1020261000120955,"[가입 유지 선물] B tv+ 월 4,400원 혜택 6개월 자동 연장_5월",PM30000107,B tv+,1,594,594,"20260714",1,594,397,276,34,242,"20260611",0,0,0,0,0
C2600ND,"지상파 월정액 첫달 3,300원_6월 1차",A1CP1020261000120947,"[6월 특가] 지상파 월정액 1개월 13,200원 할인",PM30000150,지상파 3사 월정액,1,499932,2664,"20260630",0,0,0,0,0,0,,421972,421956,378236,44049,372441
C2600NE,통합 월정액 첫달 무료_6월 1차,A1CP1020261000120948,[이용 감사 혜택] 주요 월정액 1개월 100% 할인 (택1),PM30000176,"19월정액",1,499965,620,"20260627",0,0,0,0,0,0,,318224,318212,283809,18366,280323
C2600NG,SPOTV 6월 첫달무료_1차_0613 토팝,,-,,,0,1750323,0,,1,1750323,748884,360781,11346,349436,"20260731",0,0,0,0,0
C2600NH,<리 크로닌의 미이라> 할인쿠폰 프로모션,A1SA1020261000120855,"[리 크로닌의 미이라] 영화 3,300원 할인",,,1,1200,406,"20260617",1,1200,604,351,0,351,"20260627",798,798,674,57,654
C2600NI,<시에라 마드레: 카르텔 전쟁> 할인쿠폰 프로모션,A1SA1020261000120862,"[시에라 마드레: 카르텔 전쟁 런칭] 영화 5,500원 할인",,,1,879,433,"20260625",1,879,544,310,0,310,"20260616",539,539,451,58,428
C2600NJ,[팝업] 밸류애드팀 STB 교체(26.6.1))_1-1차,,-,,,0,293639,0,,0,0,0,0,0,0,,0,0,0,0,0
C2600NK,[팝업] 밸류애드팀 STB 교체(26.6.1))_1-2차,,-,,,0,276248,0,,0,0,0,0,0,0,,0,0,0,0,0
C2600NL,<쉘터> 할인쿠폰 프로모션,A1SA1020261000120861,"[쉘터 런칭] 영화 3,300원 할인",,,1,2000,588,"20260618",1,2000,1162,637,0,637,"20260621",1308,1308,1070,89,1030
C2600NM,<살목지> 런칭 안내 팝업 (5/29),,-,,,0,6343714,0,,0,0,0,0,0,0,,0,0,0,0,0
C2600NN,<코드 네임: 알라룸> 할인쿠폰 프로모션,A1SA1020261000120951,"[코드 네임: 알라룸 런칭] 영화 5,500원 할인",,,1,645,354,"20260630",1,645,384,212,0,212,"20260621",369,369,303,43,282
C2600NO,<푸틴: 절대 권력의 최후> 할인쿠폰 프로모션,A1SA1020261000120952,"[푸틴: 절대 권력의 최후 런칭] 영화 3,300원 할인",,,1,298,109,"20260627",1,298,173,98,0,98,"20260622",213,212,184,17,178
C2600NP,<모탈 컴뱃2> 할인쿠폰 프로모션,A1SA1020261000120959,"[모탈컴뱃2 런칭] 영화 5,500원 할인",,,1,1295,578,"20260629",1,1295,758,452,0,452,"20260625",780,780,661,90,623
C2600NQ,[팝업] 밸류애드팀 STB 교체(26.6.1))_1-3차,,-,,,0,327188,0,,0,0,0,0,0,0,,0,0,0,0,0
C2600NR,[팝업] 밸류애드팀 Btv 업_단기(26.6.2)_1-1차,,-,,,0,279775,0,,0,0,0,0,0,0,,0,0,0,0,0
C2600NS,[팝업] 밸류애드팀 Btv 업_단기(26.6.2)_1-2차,,-,,,0,295298,0,,0,0,0,0,0,0,,0,0,0,0,0
C2600NT,[팝업] 밸류애드팀 Btv 업_단기(26.6.2)_1-3차,,-,,,0,145836,0,,0,0,0,0,0,0,,0,0,0,0,0
C2600NU,[팝업] B tv All+(조합형)(26.6.2)_1-1차,,-,,,0,575800,0,,0,0,0,0,0,0,,0,0,0,0,0
C2600NV,[팝업] B tv 스탠다드+(조합형)_(26.6.2)_1-1차,,-,,,0,439917,0,,0,0,0,0,0,0,,0,0,0,0,0
C2600NW,[팝업] 밸류애드팀 Btv 업_장기(26.6.3)_1-1차,,-,,,0,402711,0,,0,0,0,0,0,0,,0,0,0,0,0
C2600NX,[팝업] 밸류애드팀 Btv 업_장기(26.6.3)_1-2차,,-,,,0,377892,0,,0,0,0,0,0,0,,0,0,0,0,0
C2600NY,[팝업] 밸류애드팀 Btv 업_장기(26.6.3)_1-3차,,-,,,0,174046,0,,0,0,0,0,0,0,,0,0,0,0,0
C2600NZ,[팝업] 밸류애드팀 Btv 업_장기(26.6.3)_1-4차,,-,,,0,400461,0,,0,0,0,0,0,0,,0,0,0,0,0
C2600O0,"26년 6월_B tv+ 짝수달 유료전환 테스트_UI 552 이상",A1CP1020261000120870,[6월 한정] B tv+ 첫달 무료,PM30000107,B tv+,1,1310361,2310,"20260713",1,1308489,987903,570989,26437,555733,"20260731",1035317,1035231,711944,50729,688529
C2600O0,"26년 6월_B tv+ 짝수달 유료전환 테스트_UI 552 이상",DummyOffer,-,,,1,1308489,0,,1,1308489,987903,570989,26437,555733,"20260731",0,0,0,0,0
C2600O1,"2606_주기성_전환동의 띠배너",,-,,,0,28252,0,,0,0,0,0,0,0,,0,0,0,0,0
C2600O2,"2606_주기성_전환동의 띠배너 편성제외",,-,,,0,1381,0,,0,0,0,0,0,0,,0,0,0,0,0
C2600O3,"2605_무빙 연장 동의_TV팝업_10차",,-,,,0,4205,0,,0,0,0,0,0,0,,0,0,0,0,0
C2600O6,"26년 6월_B tv+ 비플리_UI 541 이상_1차 쿠폰(~6/7) & 배너(~6/30)_1",A1CP1020261000120872,[위클리 혜택] B tv+ 12개월 50% 할인,PM30000107,B tv+,1,793423,1910,"20260713",0,0,0,0,0,0,,583706,583693,548384,82897,542987
C2600O7,"2606_캐치온 해지방어_B tv+ Cross-sell",A1CP1020261000120958,[비밀 특가] B tv+ 1개월 100원,PM30000107,B tv+,1,515,27,"20260707",1,511,159,99,5,94,"20260701",303,303,238,29,222
C2600O7,"2606_캐치온 해지방어_B tv+ Cross-sell",,-,,,0,511,0,,1,511,159,99,5,94,"20260701",0,0,0,0,0
C2600O8,[주기성] 26년 6월_B tv+ 비플리_UI 541 이하_쿠폰,A1CP1020261000120872,[위클리 혜택] B tv+ 12개월 50% 할인,PM30000107,B tv+,1,275390,363,"20270711",0,0,0,0,0,0,,2283,2283,1737,235,1619
C2600O9,"26년 6월_B tv+ 비플리_UI 541 이하_배너",DummyOffer,-,,,1,275576,0,,0,0,0,0,0,0,,0,0,0,0,0
C2600OA,"26년 6월_B tv+ 비플리_UI 541 이상_1차 쿠폰(~6/7) & 배너(~6/30)_2",A1CP1020261000120872,[위클리 혜택] B tv+ 12개월 50% 할인,PM30000107,B tv+,1,796523,728,"20260716",0,0,0,0,0,0,,608952,608946,566929,81306,561000
C2600OB,"26년 6월_B tv+ 비플리_UI 541 이상_1차 쿠폰(~6/7) & 배너(~6/30)_3",A1CP1020261000120872,[위클리 혜택] B tv+ 12개월 50% 할인,PM30000107,B tv+,1,320604,108,"20260628",0,0,0,0,0,0,,297078,297077,283083,31182,281389
C2600OC,"26년 6월_B tv+ 비플리_UI 541 이상_1차 쿠폰(~6/7) & 배너(~6/30)_4",A1CP1020261000120872,[위클리 혜택] B tv+ 12개월 50% 할인,PM30000107,B tv+,1,797454,373,"20260628",0,0,0,0,0,0,,736653,736649,693864,76018,688737
C2600OD,[주기성] 26년 6월_B tv+ 6월 비플리_가입자 제외,DummyOffer,-,,,1,38949,0,,0,0,0,0,0,0,,0,0,0,0,0
C2600OE,[주기성] 26년 6월_B tv+ 짝수달 유료전환 테스트_UI 552 이상_TV팝업,,-,,,0,1308537,0,,0,0,0,0,0,0,,0,0,0,0,0
C2600OH,[주기성] 26년 6월_B tv+ 6월 유료전환_가입자 제외,DummyOffer,-,,,1,2129,0,,0,0,0,0,0,0,,0,0,0,0,0
C2600OJ,"2606_플레이보이 디맨드_첫달무료",,-,,,0,205092,0,,1,205092,93708,49359,2448,46911,"20260729",0,0,0,0,0
C2600OL,"지상파 월정액 첫달 3,300원_6월 2차",A1CP1020261000120947,"[6월 특가] 지상파 월정액 1개월 13,200원 할인",PM30000150,지상파 3사 월정액,1,499891,686,"20260630",0,0,0,0,0,0,,415626,415620,364750,38165,358736
C2600OM,"26년 6월_B tv+ 국내여행_(6/3)_0123",DummyOffer,-,,,1,1083136,0,,1,1083136,548530,304466,8936,295530,"20260725",0,0,0,0,0
C2600ON,"26년 6월_B tv+ 국내여행_(6/3)_4567",DummyOffer,-,,,1,1082175,0,,1,1082175,542278,299729,8589,291142,"20260716",0,0,0,0,0
C2600OO,"26년 6월_B tv+ 국내여행_(6/3)_89",DummyOffer,-,,,1,540934,0,,1,540934,274702,150829,4087,146743,"20260714",0,0,0,0,0
C2600OP,"26년 6월_B tv+ 국내여행_(6/4~7)_0123",DummyOffer,-,,,1,1082453,0,,1,1082453,725054,381831,10401,371431,"20260727",0,0,0,0,0
C2600OU,"2606_SPOTV_BWF 인도네시아 오픈",DummyOffer,-,,,1,947792,0,,1,947792,536429,209840,11068,198774,"20260731",0,0,0,0,0
C2600OV,전원혜택 액션무비 프로모션 안내,,-,,,0,3759240,0,,0,0,0,0,0,0,,0,0,0,0,0
C2600OW,"26년 6월_B tv+ 국내여행_(6/4~7)_4567",DummyOffer,-,,,1,1081543,0,,1,1081543,723091,379965,10531,369435,"20260725",0,0,0,0,0
C2600OX,"26년 6월_B tv+ 국내여행_(6/4~7)_89",DummyOffer,-,,,1,540593,0,,1,540593,362962,190983,5349,185635,"20260706",0,0,0,0,0
C2600OY,통합 월정액 첫달 무료_6월 2차,A1CP1020261000120948,[이용 감사 혜택] 주요 월정액 1개월 100% 할인 (택1),PM30000176,"19월정액",1,399955,404,"20260627",0,0,0,0,0,0,,300040,300026,260505,18298,256338
C2600P0,<쉘터> 타겟 프로모션_30%_0604,A1SA1020261000120953,[즉시 할인] 쉘터 30% 할인쿠폰,,,1,840775,1270,"20260611",1,840775,342183,181025,6420,174605,"20260731",548788,548767,472526,30434,463876
C2600P1,[팝업] 밸류애드팀 STB 교체(26.6.8))_2-1차,,-,,,0,293202,0,,0,0,0,0,0,0,,0,0,0,0,0
C2600P2,[팝업] 밸류애드팀 STB 교체(26.6.8))_2-2차,,-,,,0,274028,0,,0,0,0,0,0,0,,0,0,0,0,0
C2600P3,[팝업] 밸류애드팀 STB 교체(26.6.8))_2-3차,,-,,,0,324901,0,,0,0,0,0,0,0,,0,0,0,0,0
C2600P4,[팝업] 밸류애드팀 Btv 업_단기(26.6.9)_2-1차,,-,,,0,278324,0,,0,0,0,0,0,0,,0,0,0,0,0
C2600P5,[주기성] 26년 6월_B tv+ 비플리_UI 541 이상_2~4차_1,A1CP1020261000120872,[위클리 혜택] B tv+ 12개월 50% 할인,PM30000107,B tv+,1,787931,741,"20260713",0,0,0,0,0,0,,580451,580439,545575,82358,540375
C2600P5,[주기성] 26년 6월_B tv+ 비플리_UI 541 이상_2~4차_1,DummyOffer,-,,,1,395285,0,,0,0,0,0,0,0,,0,0,0,0,0
C2600P6,[주기성] 26년 6월_B tv+ 비플리_UI 541 이상_2~4차_2,A1CP1020261000120872,[위클리 혜택] B tv+ 12개월 50% 할인,PM30000107,B tv+,1,792376,401,"20260716",0,0,0,0,0,0,,606722,606716,565229,81131,559373
C2600P7,[주기성] 26년 6월_B tv+ 비플리_UI 541 이상_2~4차_3,A1CP1020261000120872,[위클리 혜택] B tv+ 12개월 50% 할인,PM30000107,B tv+,1,319277,53,"20260628",0,0,0,0,0,0,,296259,296258,282460,31138,280789
C2600P8,[주기성] 26년 6월_B tv+ 비플리_UI 541 이상_2~4차_4,A1CP1020261000120872,[위클리 혜택] B tv+ 12개월 50% 할인,PM30000107,B tv+,1,793968,202,"20260628",0,0,0,0,0,0,,734511,734507,692259,75907,687180
C2600P9,[팝업] 밸류애드팀 Btv 업_단기(26.6.9)_2-2차,,-,,,0,294754,0,,0,0,0,0,0,0,,0,0,0,0,0
C2600PA,[팝업] 밸류애드팀 Btv 업_단기(26.6.9)_2-3차,,-,,,0,145419,0,,0,0,0,0,0,0,,0,0,0,0,0
C2600PB,[팝업] B tv All+(조합형)(26.6.9)_2-1차,,-,,,0,574112,0,,0,0,0,0,0,0,,0,0,0,0,0
C2600PC,[팝업] B tv 스탠다드+(조합형)_(26.6.9)_2-1차,,-,,,0,439196,0,,0,0,0,0,0,0,,0,0,0,0,0
C2600PD,[팝업] 밸류애드팀 Btv 업_장기(26.6.10)_2-1차,,-,,,0,401244,0,,0,0,0,0,0,0,,0,0,0,0,0
C2600PE,[팝업] 밸류애드팀 Btv 업_장기(26.6.10)_2-2차,,-,,,0,375033,0,,0,0,0,0,0,0,,0,0,0,0,0
C2600PF,[팝업] 밸류애드팀 Btv 업_장기(26.6.10)_2-3차,,-,,,0,145369,0,,0,0,0,0,0,0,,0,0,0,0,0
C2600PG,[팝업] 밸류애드팀 Btv 업_장기(26.6.10)_2-4차,,-,,,0,398817,0,,0,0,0,0,0,0,,0,0,0,0,0
C2600PI,"2606_무빙 연장 동의_TV팝업_11차",,-,,,0,4156,0,,0,0,0,0,0,0,,0,0,0,0,0
C2600PJ,"2606_플레이보이 디맨드_첫달무료_리마인드_1차",,-,,,0,207365,0,,1,207365,110258,58029,2806,55224,"20260731",0,0,0,0,0
C2600PM,[보정용][D+1] 쿠폰팩 등록 혜택 지급_2601,A1PR1020261000119553,[쿠폰팩 등록 감사] VOD 20% 할인쿠폰,,,1,41,4,"20260705",0,0,0,0,0,0,,35,35,29,10,25
C2600PN,JTBC 월정액 첫달 무료_6월 2차,A1SA1020261000119567,[깜짝 특가] JTBC 월정액 1개월 100% 할인 쿠폰,PM30000269,JTBC 월정액,1,499892,2825,"20260708",0,0,0,0,0,0,,348596,348580,280404,21599,273723
C2600PP,"지상파 월정액 첫달 3,300원_6월 3차",A1CP1020261000120947,"[6월 특가] 지상파 월정액 1개월 13,200원 할인",PM30000150,지상파 3사 월정액,1,499922,1433,"20260630",0,0,0,0,0,0,,422838,422820,377957,44039,372164
C2600PQ,통합 월정액 첫달 무료_6월 3차,A1CP1020261000120948,[이용 감사 혜택] 주요 월정액 1개월 100% 할인 (택1),PM30000176,"19월정액",1,499906,1082,"20260627",0,0,0,0,0,0,,388399,388379,300225,21378,292507
C2600PR,"26년 6월_B tv+ 파격할인_UI 541 이상_1",A1CP1020261000120874,"[72시간 한정] B tv+ 12개월 월 5,500원 혜택",PM30000107,B tv+,1,789762,652,"20260630",1,333,201,127,9,118,"20260617",440697,440646,309810,14838,300405
C2600PR,"26년 6월_B tv+ 파격할인_UI 541 이상_1",A1CP1020261000120874,"[파격할인] B tv+ 12개월 월 5,500원 혜택",PM30000107,B tv+,1,789762,652,"20260630",1,333,201,127,9,118,"20260617",440697,440646,309810,14838,300405
C2600PR,"26년 6월_B tv+ 파격할인_UI 541 이상_1",DummyOffer,-,,,1,333,0,,1,333,201,127,9,118,"20260617",0,0,0,0,0
C2600PS,"26년 6월_B tv+ 파격할인_UI 541 이상_2",A1CP1020261000120874,"[72시간 한정] B tv+ 12개월 월 5,500원 혜택",PM30000107,B tv+,1,793186,254,"20260614",1,793113,225530,126836,4235,122603,"20260729",455990,455950,303468,15253,294018
C2600PS,"26년 6월_B tv+ 파격할인_UI 541 이상_2",A1CP1020261000120874,"[파격할인] B tv+ 12개월 월 5,500원 혜택",PM30000107,B tv+,1,793186,254,"20260614",1,793113,225530,126836,4235,122603,"20260729",455990,455950,303468,15253,294018
C2600PS,"26년 6월_B tv+ 파격할인_UI 541 이상_2",DummyOffer,-,,,1,793113,0,,1,793113,225530,126836,4235,122603,"20260729",0,0,0,0,0
C2600PT,"26년 6월_B tv+ 파격할인_UI 541 이상_3",A1CP1020261000120874,"[72시간 한정] B tv+ 12개월 월 5,500원 혜택",PM30000107,B tv+,1,319714,33,"20260614",1,319601,158311,83138,1699,81439,"20260728",268655,268616,180485,5904,176899
C2600PT,"26년 6월_B tv+ 파격할인_UI 541 이상_3",A1CP1020261000120874,"[파격할인] B tv+ 12개월 월 5,500원 혜택",PM30000107,B tv+,1,319714,33,"20260614",1,319601,158311,83138,1699,81439,"20260728",268655,268616,180485,5904,176899
C2600PT,"26년 6월_B tv+ 파격할인_UI 541 이상_3",DummyOffer,-,,,1,319601,0,,1,319601,158311,83138,1699,81439,"20260728",0,0,0,0,0
C2600PU,"26년 6월_B tv+ 파격할인_UI 541 이상_4",A1CP1020261000120874,"[72시간 한정] B tv+ 12개월 월 5,500원 혜택",PM30000107,B tv+,1,794694,89,"20260614",1,794654,192123,101911,2359,99552,"20260716",661561,661550,499115,23574,489872
C2600PU,"26년 6월_B tv+ 파격할인_UI 541 이상_4",A1CP1020261000120874,"[파격할인] B tv+ 12개월 월 5,500원 혜택",PM30000107,B tv+,1,794694,89,"20260614",1,794654,192123,101911,2359,99552,"20260716",661561,661550,499115,23574,489872
C2600PU,"26년 6월_B tv+ 파격할인_UI 541 이상_4",DummyOffer,-,,,1,794654,0,,1,794654,192123,101911,2359,99552,"20260716",0,0,0,0,0
C2600PV,"26년 6월_B tv+ 파격할인_UI 541 이하_5",A1CP1020261000120874,"[72시간 한정] B tv+ 12개월 월 5,500원 혜택",PM30000107,B tv+,1,272843,144,"20260731",1,272403,260,11869,450,11419,"20260625",375,375,295,36,277
C2600PV,"26년 6월_B tv+ 파격할인_UI 541 이하_5",A1CP1020261000120874,"[파격할인] B tv+ 12개월 월 5,500원 혜택",PM30000107,B tv+,1,272843,144,"20260731",1,272403,260,11869,450,11419,"20260625",375,375,295,36,277
C2600PV,"26년 6월_B tv+ 파격할인_UI 541 이하_5",DummyOffer,-,,,1,272403,0,,1,272403,260,11869,450,11419,"20260625",0,0,0,0,0
C2600PW,<슈퍼 마리오 갤럭시> 런칭 안내 팝업 (6/11),,-,,,0,6359219,0,,0,0,0,0,0,0,,0,0,0,0,0
C2600PY,SPOTV 6월 첫달무료_1차_0611,A1SA1020261000121164,[축구 이벤트] SPOTV Prime 1개월 무료,PM35000007,SPOTV 프라임패키지,1,999808,1310,"20260629",0,0,0,0,0,0,,769156,769133,640386,54432,628454
C2600PZ,SPOTV 6월 첫달무료_1차_0612,A1SA1020261000121164,[축구 이벤트] SPOTV Prime 1개월 무료,PM35000007,SPOTV 프라임패키지,1,897823,1103,"20260629",0,0,0,0,0,0,,668740,668715,552876,44943,542723
C2600PZ,SPOTV 6월 첫달무료_1차_0612,,-,,,0,1895877,0,,0,0,0,0,0,0,,0,0,0,0,0
C2600Q0,노후 AP 교체 안내 TV팝업_1차,,-,,,0,17946,0,,0,0,0,0,0,0,,0,0,0,0,0
C2600Q2,[팝업] 밸류애드팀 STB 교체(26.6.15))_3-1차,,-,,,0,253465,0,,0,0,0,0,0,0,,0,0,0,0,0
C2600Q3,"6월 성인 1+1 프로모션 (6/11~6/20)",A1SA1020261000121168,"[1+1이벤트] 3,300원 할인 쿠폰",,,1,849,559,"20260705",1,849,222,99,0,99,"20260714",431,431,293,27,280
C2600Q4,"6월 성인 1+1 프로모션_모바일 (6/11~6/20)",A1SA1020261000121169,"[1+1이벤트] 3,300원 할인 쿠폰 (모바일)",,,1,27,25,"20260703",1,27,4,2,0,2,"20260612",9,9,5,0,5
C2600Q5,<스위트 홈: 진격의 거인> 할인쿠폰 프로모션,A1SA1020261000121160,"[스위트 홈: 진격의 거인 런칭] 영화 3,300원 할인",,,1,837,378,"20260709",1,837,478,284,0,284,"20260701",530,529,445,49,425
C2600Q6,[팝업] 밸류애드팀 STB 교체(26.6.15))_3-2차,,-,,,0,356507,0,,0,0,0,0,0,0,,0,0,0,0,0
C2600Q7,[팝업] 밸류애드팀 STB 교체(26.6.15))_3-3차,,-,,,0,216840,0,,0,0,0,0,0,0,,0,0,0,0,0
C2600Q8,[팝업] 밸류애드팀 Btv 업_단기(26.6.16)_3-1차,,-,,,0,283091,0,,0,0,0,0,0,0,,0,0,0,0,0
C2600Q9,[팝업] 밸류애드팀 Btv 업_단기(26.6.16)_3-2차,,-,,,0,305417,0,,0,0,0,0,0,0,,0,0,0,0,0
C2600QA,[팝업] 밸류애드팀 Btv 업_단기(26.6.16)_3-3차,,-,,,0,155544,0,,0,0,0,0,0,0,,0,0,0,0,0
C2600QB,[팝업] B tv All+(조합형)(26.6.16)_3-1차,,-,,,0,584505,0,,0,0,0,0,0,0,,0,0,0,0,0
C2600QC,[팝업] B tv 스탠다드+(조합형)_(26.6.16)_3-1차,,-,,,0,447001,0,,0,0,0,0,0,0,,0,0,0,0,0
C2600QD,[팝업] 밸류애드팀 Btv 업_장기(26.6.17)_3-1차,,-,,,0,388291,0,,0,0,0,0,0,0,,0,0,0,0,0
C2600QE,[팝업] 밸류애드팀 Btv 업_장기(26.6.17)_3-2차,,-,,,0,387744,0,,0,0,0,0,0,0,,0,0,0,0,0
C2600QF,[팝업] 밸류애드팀 Btv 업_장기(26.6.17)_3-3차,,-,,,0,376279,0,,0,0,0,0,0,0,,0,0,0,0,0
C2600QG,[팝업] 밸류애드팀 Btv 업_장기(26.6.17)_3-4차,,-,,,0,226660,0,,0,0,0,0,0,0,,0,0,0,0,0
C2600QJ,"2606_무빙 연장 동의_TV팝업_12차",,-,,,0,4077,0,,0,0,0,0,0,0,,0,0,0,0,0
C2600QK,"2606_SPOTV_르망24시간",DummyOffer,-,,,1,144130,0,,0,0,0,0,0,0,,0,0,0,0,0
C2600QL,"2606_플레이보이 디맨드_첫달무료_리마인드_2차",,-,,,0,209053,0,,1,209053,80871,43458,1970,41488,"20260728",0,0,0,0,0
C2600QM,[보정용][주기성] 26년 6월_B tv+ 비플리_UI 541 이상_2~4차_1,A1CP1020261000120872,[위클리 혜택] B tv+ 12개월 50% 할인,PM30000107,B tv+,1,393504,458,"20260628",0,0,0,0,0,0,,289699,289695,271984,39947,269292
C2600QN,"지상파 월정액 첫달 3,300원_6월 4차",A1CP1020261000120947,"[6월 특가] 지상파 월정액 1개월 13,200원 할인",PM30000150,지상파 3사 월정액,1,499891,447,"20260624",0,0,0,0,0,0,,422063,422053,368528,37545,362217
C2600QP,"지상파 월정액 첫달 3,300원_6월 5차",A1CP1020261000120947,"[6월 특가] 지상파 월정액 1개월 13,200원 할인",PM30000150,지상파 3사 월정액,1,499905,607,"20260630",0,0,0,0,0,0,,409604,409587,351620,38022,345817
C2600QQ,통합 월정액 첫달 무료_6월 4차,A1CP1020261000120948,[이용 감사 혜택] 주요 월정액 1개월 100% 할인 (택1),PM30000176,"19월정액",1,499906,1561,"20260627",0,0,0,0,0,0,,411104,411091,353450,32642,346570
C2600QR,"6월 성인 1+1 프로모션_추가 (6/12~14 구매자)",A1SA1020261000121168,"[1+1이벤트] 3,300원 할인 쿠폰",,,1,3577,2176,"20260705",1,3577,1727,801,0,801,"20260716",2002,2002,1495,153,1410
C2600QS,"6월 성인 1+1 프로모션_모바일_추가 (6/12~6/14 구매자)",A1SA1020261000121169,"[1+1이벤트] 3,300원 할인 쿠폰 (모바일)",,,1,143,101,"20260705",1,143,66,31,0,31,"20260621",62,62,40,3,39
C2600QU,"6월 성인 1+1 프로모션 (6/11~6/20)_수정",A1SA1020261000121168,"[1+1이벤트] 3,300원 할인 쿠폰",,,1,6144,3614,"20260705",1,6144,2107,1038,0,1038,"20260727",3607,3606,2632,251,2483
C2600QV,"6월 성인 1+1 프로모션_모바일 (6/11~6/20)_수정",A1SA1020261000121169,"[1+1이벤트] 3,300원 할인 쿠폰 (모바일)",,,1,274,195,"20260705",1,274,84,49,0,49,"20260622",142,142,98,8,95
C2600QW,SPOTV 6월 첫달무료_1차_0615 TV팝업,,-,,,0,1894105,0,,0,0,0,0,0,0,,0,0,0,0,0
C2600QX,수요1+1무비쿠폰(6월 프로모션 안내),,-,,,0,3774175,0,,0,0,0,0,0,0,,0,0,0,0,0
C2600QY,수요1+1무비쿠폰(6월 쿠폰발급),A1PR1020261000121167,[금토일무비쿠폰] 20% 할인(5천원 이상 사용),,,1,659,69,"20260621",1,659,316,197,0,197,"20260627",477,477,414,84,380
C2600R0,AI커머스광고 6월 프로모션 TV팝업,,-,,,0,1830128,0,,0,0,0,0,0,0,,0,0,0,0,0
C2600R1,JTBC 월정액 첫달 무료_6월 3차,A1SA1020261000119567,[깜짝 특가] JTBC 월정액 1개월 100% 할인 쿠폰,PM30000269,JTBC 월정액,1,419902,2220,"20260627",0,0,0,0,0,0,,342659,342649,300918,31051,295669
C2600R3,[모바일 B tv] '26년 6월 수요 1+1 무비 쿠폰 앱푸쉬 (Mass),,-,,,0,922971,0,,0,0,0,0,0,0,,0,0,0,0,0
C2600R4,<피어스> 할인쿠폰 프로모션,A1SA1020261000121258,"[피어스 런칭] 영화 5,500원 할인",,,1,25,18,"20260715",1,25,16,10,0,10,"20260701",12,12,9,3,7
C2600R5,<내 이름은> 할인쿠폰 프로모션,A1SA1020261000121159,"[내 이름은 런칭] 영화 5,500원 할인",,,1,1128,386,"20260707",1,1128,565,307,0,307,"20260707",731,731,633,52,614
C2600R6,<슈퍼 마리오 갤럭시> 할인쿠폰 프로모션,A1SA1020261000120961,"[슈퍼마리오 갤럭시 런칭] 영화 3,300원 할인",,,1,1000,151,"20260709",1,1000,596,341,0,341,"20260719",683,682,573,32,563
C2600R7,노후 AP 교체 안내 TV팝업_2차,,-,,,0,42706,0,,0,0,0,0,0,0,,0,0,0,0,0
C2600R8,"26년 6월_B tv+ 주말 야식비 지원_UI 541 이상_1",DummyOffer,-,,,1,785447,0,,1,785428,481559,298506,10513,290998,"20260731",0,0,0,0,0
C2600RA,SPOTV 6월 첫달무료_1차_0617 토스트팝업,,-,,,0,1891714,0,,1,1891714,533992,265648,8885,256763,"20260731",0,0,0,0,0
C2600RC,"<왕과 사는 남자> 타겟 프로모션_2,000원_0617",A1SA1020261000121266,"[즉시 할인] 왕과 사는 남자 2,200원 할인쿠폰",,,1,416665,1652,"20260629",1,416665,145539,79795,2625,77173,"20260731",164181,164153,124888,6836,121795
C2600RD,"<짱구> 타겟 프로모션_2,000원_0617",A1SA1020261000121267,"[즉시 할인] 짱구 2,200원 할인쿠폰",,,1,416663,450,"20260623",0,0,0,0,0,0,,216491,216483,182111,10714,178822
C2600RF,"26년 6월_B tv+ 주말 야식비 지원_UI 541 이상_2",DummyOffer,-,,,1,790561,0,,1,790557,535612,312877,12055,304112,"20260731",0,0,0,0,0
C2600RG,"26년 6월_B tv+ 주말 야식비 지원_UI 541 이상_3",DummyOffer,-,,,1,318651,0,,1,318651,259206,155787,4214,152861,"20260730",0,0,0,0,0
C2600RH,"26년 6월_B tv+ 주말 야식비 지원_UI 541 이상_4",DummyOffer,-,,,1,792670,0,,1,792667,669660,397620,11833,389657,"20260731",0,0,0,0,0
C2600RJ,"2606_무빙 연장 동의_TV팝업_13차",,-,,,0,4007,0,,0,0,0,0,0,0,,0,0,0,0,0
C2600RK,[팝업] 밸류애드팀 STB 교체(26.6.22)_4-1차,,-,,,0,251179,0,,0,0,0,0,0,0,,0,0,0,0,0
C2600RL,[팝업] 밸류애드팀 STB 교체(26.6.22)_4-2차,,-,,,0,353634,0,,0,0,0,0,0,0,,0,0,0,0,0
C2600RM,[팝업] 밸류애드팀 STB 교체(26.6.22)_4-3차,,-,,,0,214589,0,,0,0,0,0,0,0,,0,0,0,0,0
C2600RN,[팝업] 밸류애드팀 Btv 업_단기(26.6.23)_4-1차,,-,,,0,281002,0,,0,0,0,0,0,0,,0,0,0,0,0
C2600RO,[팝업] 밸류애드팀 Btv 업_단기(26.6.23)_4-2차,,-,,,0,304662,0,,0,0,0,0,0,0,,0,0,0,0,0
C2600RP,[팝업] 밸류애드팀 Btv 업_단기(26.6.23)_4-3차,,-,,,0,154926,0,,0,0,0,0,0,0,,0,0,0,0,0
C2600RQ,[팝업] B tv All+(조합형)(26.6.23)_4-1차,,-,,,0,579504,0,,0,0,0,0,0,0,,0,0,0,0,0
C2600RR,[팝업] B tv 스탠다드+(조합형)_(26.6.23)_4-1차,,-,,,0,445197,0,,0,0,0,0,0,0,,0,0,0,0,0
C2600RS,[팝업] 밸류애드팀 Btv 업_장기(26.6.24)_4-1차,,-,,,0,385304,0,,0,0,0,0,0,0,,0,0,0,0,0
C2600RT,[팝업] 밸류애드팀 Btv 업_장기(26.6.24)_4-2차,,-,,,0,385152,0,,0,0,0,0,0,0,,0,0,0,0,0
C2600RU,[팝업] 밸류애드팀 Btv 업_장기(26.6.24)_4-3차,,-,,,0,373543,0,,0,0,0,0,0,0,,0,0,0,0,0
C2600RV,[팝업] 밸류애드팀 Btv 업_장기(26.6.24)_4-4차,,-,,,0,224465,0,,0,0,0,0,0,0,,0,0,0,0,0
C2600RW,"2606_비너스 디맨드_첫달무료_개편전",,-,,,0,210204,0,,1,210204,102004,53655,2555,51100,"20260730",0,0,0,0,0
C2600RX,"2606_비너스 디맨드_첫달무료_개편후",,-,,,0,210828,0,,1,210828,64011,35754,1663,34091,"20260731",0,0,0,0,0
C2600RZ,SPOTV 6월 첫달무료_1차_0619 배너 TV팝업,,-,,,0,1889734,0,,0,0,0,0,0,0,,0,0,0,0,0
C2600S0,SPOTV 6월 첫달무료_2차_0620,A1SA1020261000121165,[MLB 이벤트] SPOTV Prime 1개월 무료,PM35000007,SPOTV 프라임패키지,1,999853,883,"20260720",0,0,0,0,0,0,,693740,693713,500607,29308,488619
C2600S1,SPOTV 6월 첫달무료_2차_0622,A1SA1020261000121165,[MLB 이벤트] SPOTV Prime 1개월 무료,PM35000007,SPOTV 프라임패키지,1,899755,712,"20260629",0,0,0,0,0,0,,588693,588654,408431,21646,398375
C2600S1,SPOTV 6월 첫달무료_2차_0622,,-,,,0,1901477,0,,0,0,0,0,0,0,,0,0,0,0,0
C2600S2,"2606_무빙 연장 동의_TV팝업_14차",,-,,,0,3955,0,,0,0,0,0,0,0,,0,0,0,0,0
C2600S3,"6월 성인 1+1 프로모션 (6/21~6/30)",A1SA1020261000121170,"[1+1 앵콜 이벤트] 3,300원 할인 쿠폰",,,1,8608,4801,"20260715",1,8608,4217,2030,0,2030,"20260728",5377,5377,3927,394,3715
C2600S4,"6월 성인 1+1 프로모션_모바일 (6/21~6/30)",A1SA1020261000121171,"[1+1 앵콜 이벤트] 3,300원 할인 쿠폰 (모바일)",,,1,1181,748,"20260715",1,1181,524,265,0,265,"20260706",654,654,478,48,450
C2600S5,SPOTV 6월 첫달무료_1차_0622,A1SA1020261000121164,[축구 이벤트] SPOTV Prime 1개월 무료,PM35000007,SPOTV 프라임패키지,1,899905,494,"20260629",0,0,0,0,0,0,,683653,683635,566851,47157,556567
C2600S6,토이스토리 소장용 패키지 프로모션_수정,A1SA1020261000121259,"[토이 스토리 패키지 구매] 영화 5,500원 할인",,,1,2094,428,"20260721",1,2094,761,452,0,452,"20260718",1436,1436,1168,130,1104
C2600S7,토이스토리 소장용 패키지 프로모션 (6/18~6/21 발급),A1SA1020261000121259,"[토이 스토리 패키지 구매] 영화 5,500원 할인",,,1,1091,241,"20260708",1,1091,455,272,0,272,"20260707",776,776,657,97,611
C2600S9,통합 월정액 첫달 90% 할인_추가 1차,A1CP1020261000121363,[쿨썸머 파격 특가] 주요 월정액 첫달 90% 할인 (택1),PM30000176,"19월정액",1,400200,659,"20260723",0,0,0,0,0,0,,280563,280528,200200,11002,194170
C2600SA,SPOTV 6월 첫달무료_1차_0623,A1SA1020261000121164,[축구 이벤트] SPOTV Prime 1개월 무료,PM35000007,SPOTV 프라임패키지,1,999783,475,"20260629",0,0,0,0,0,0,,755177,755147,627285,51929,615764
C2600SC,<금발이 되고 싶어> 할인쿠폰 프로모션,A1SA1020261000121360,"[금발이 되고 싶어 런칭] 영화 5,500원 할인",,,1,272,148,"20260722",1,272,165,106,0,106,"20260710",183,183,162,20,149
C2600SD,통합 월정액 첫달 90% 할인_추가 2차,A1CP1020261000121363,[쿨썸머 파격 특가] 주요 월정액 첫달 90% 할인 (택1),PM30000176,"19월정액",1,400048,639,"20260724",0,0,0,0,0,0,,269881,269845,189535,9912,183792
C2600SE,SPOTV 6월 첫달무료_1차_0623 TV팝업,,-,,,0,896893,0,,0,0,0,0,0,0,,0,0,0,0,0
C2600SG,"CJ ENM 월정액 3개월 5,500원_7월 1차",A1CP1020261000121358,"[쿨썸머 특가] CJ ENM 월정액 3개월 내내 월 5,500원",PM30000154,CJ ENM 월정액,1,499940,1908,"20260814",0,0,0,0,0,0,,313693,313670,255010,15282,249943
C2600SH,<납치 48시간> 할인쿠폰 프로모션,A1SA1020261000121265,"[납치 48시간 런칭] 영화 3,300원 할인",,,1,409,176,"20260723",1,409,229,145,0,145,"20260727",283,283,251,26,238
C2600SJ,[주기성]프라다입고문워크 신작혜택파티 프로모션,A1PR1020261000121272,[신작혜택파티] 영화 30% 할인(악마는프라다2 외 대상작),,,1,19666,853,"20260706",1,19666,11450,6553,0,6553,"20260729",12765,12765,10874,1000,10506
C2600SK,"26년 7월_B tv+ 비플리_UI 541 이하_배너",DummyOffer,-,,,1,285785,0,,0,0,0,0,0,0,,0,0,0,0,0
C2600SL,[팝업] 밸류애드팀 STB 교체(26.6.29)_5-1차,,-,,,0,249631,0,,0,0,0,0,0,0,,0,0,0,0,0
C2600SM,[팝업] 밸류애드팀 STB 교체(26.6.29)_5-2차,,-,,,0,351800,0,,0,0,0,0,0,0,,0,0,0,0,0
C2600SN,[팝업] 밸류애드팀 STB 교체(26.6.29)_5-3차,,-,,,0,213203,0,,0,0,0,0,0,0,,0,0,0,0,0
C2600SO,[팝업] 밸류애드팀 Btv 업_단기(26.6.30)_5-1차,,-,,,0,279169,0,,0,0,0,0,0,0,,0,0,0,0,0
C2600SP,[팝업] 밸류애드팀 Btv 업_단기(26.6.30)_5-2차,,-,,,0,304119,0,,0,0,0,0,0,0,,0,0,0,0,0
C2600SQ,[팝업] 밸류애드팀 Btv 업_단기(26.6.30)_5-3차,,-,,,0,154428,0,,0,0,0,0,0,0,,0,0,0,0,0
C2600SR,[팝업] B tv All+(조합형)(26.6.30)_1-1차,,-,,,0,576911,0,,0,0,0,0,0,0,,0,0,0,0,0
C2600SS,[팝업] B tv 스탠다드+(조합형)_(26.6.30)_5-1차,,-,,,0,444089,0,,0,0,0,0,0,0,,0,0,0,0,0
C2600ST,[팝업] 밸류애드팀 Btv 업_장기(26.7.1)_5-1차,,-,,,0,383250,0,,0,0,0,0,0,0,,0,0,0,0,0
C2600SU,"26년 6월_B tv+ KBO 올스타전_UI 541 이상_1",A1CP1020261000121364,"[올스타전 특가] B tv+ 월 5,500원 혜택 (최대 12개월)",PM30000107,B tv+,1,793683,1582,"20260724",1,793534,584726,399983,16601,390876,"20260731",557206,557184,458650,28601,449744
C2600SU,"26년 6월_B tv+ KBO 올스타전_UI 541 이상_1",DummyOffer,-,,,1,793534,0,,1,793534,584726,399983,16601,390876,"20260731",0,0,0,0,0
C2600SV,[팝업] 밸류애드팀 Btv 업_장기(26.7.1)_5-2차,,-,,,0,383063,0,,0,0,0,0,0,0,,0,0,0,0,0
C2600SW,[팝업] 밸류애드팀 Btv 업_장기(26.7.1)_5-3차,,-,,,0,371655,0,,0,0,0,0,0,0,,0,0,0,0,0
C2600SX,[팝업] 밸류애드팀 Btv 업_장기(26.7.1)_5-4차,,-,,,0,222970,0,,0,0,0,0,0,0,,0,0,0,0,0
C2600SZ,SPOTV 6월 첫달무료_2차_0626 TV팝업,,-,,,0,1870138,0,,0,0,0,0,0,0,,0,0,0,0,0
C2600T0,"26년 6월_B tv+ KBO 올스타전_UI 541 이상_2",A1CP1020261000121364,"[올스타전 특가] B tv+ 월 5,500원 혜택 (최대 12개월)",PM30000107,B tv+,1,791090,587,"20260709",1,791039,632799,407259,18030,396727,"20260731",560355,560329,444372,27499,435055
C2600T0,"26년 6월_B tv+ KBO 올스타전_UI 541 이상_2",DummyOffer,-,,,1,791039,0,,1,791039,632799,407259,18030,396727,"20260731",0,0,0,0,0
C2600T1,"26년 6월_B tv+ KBO 올스타전_UI 541 이상_3",A1CP1020261000121364,"[올스타전 특가] B tv+ 월 5,500원 혜택 (최대 12개월)",PM30000107,B tv+,1,795638,224,"20260705",1,795614,738855,515368,17634,506568,"20260731",727543,727534,599804,28294,591131
C2600T1,"26년 6월_B tv+ KBO 올스타전_UI 541 이상_3",DummyOffer,-,,,1,795614,0,,1,795614,738855,515368,17634,506568,"20260731",0,0,0,0,0
C2600T2,"6월 쿠폰팩 GCP 만료 D-3_POP",DummyOffer,-,,,1,85200,0,,0,0,0,0,0,0,,0,0,0,0,0
C2600T3,(주기성) 콜센터 시청유도_TB_노출종료,DummyOffer,-,,,1,5457,0,,0,0,0,0,0,0,,0,0,0,0,0
C2600T4,"26년 6월_B tv+ KBO 올스타전_UI 541 이상_4",A1CP1020261000121364,"[올스타전 특가] B tv+ 월 5,500원 혜택 (최대 12개월)",PM30000107,B tv+,1,303517,37,"20260705",1,303512,282050,167937,5871,164440,"20260731",275218,275215,203522,9135,200051
C2600T4,"26년 6월_B tv+ KBO 올스타전_UI 541 이상_4",DummyOffer,-,,,1,303512,0,,1,303512,282050,167937,5871,164440,"20260731",0,0,0,0,0
C2600T5,<마이클> 런칭 안내 팝업 (6/25),,-,,,0,6368368,0,,0,0,0,0,0,0,,0,0,0,0,0
C2600T6,"26년 6월 B tv+ 할인 연장 캠페인_광복절 5,500원",A1CP1020261000121367,"[가입 유지 선물] B tv+ 월 5,500원 이용 혜택 6개월 자동 연장_6월",,,1,838,838,"20260821",1,838,592,314,0,314,"20260727",0,0,0,0,0
C2600T7,<노멀> 할인쿠폰 프로모션,A1SA1020261000121162,"[노멀 런칭] 영화 3,300원 할인",,,1,958,437,"20260716",1,958,413,244,0,244,"20260714",540,540,434,25,421
C2600T8,<살목지(2차)> 할인쿠폰 프로모션,A1SA1020261000121161,"[살목지 런칭] 영화 4,444원 할인",,,1,444,106,"20260716",1,444,199,120,0,120,"20260729",292,292,244,24,235
C2600T9,"26년 6월 B tv+ 할인 연장 캠페인_8월할인 7,700원",A1CP1020261000121368,"[가입 유지 선물] B tv+ 월 7,700원 이용 혜택 6개월 자동 연장_6월",,,1,896,896,"20260831",1,896,634,313,0,313,"20260724",0,0,0,0,0
C2600TA,[주기성] 26년 7월_B tv+ 비플리_UI 541 이하_쿠폰,A1CP1020261000121366,[고객님만 혜택] B tv+ 반값 할인 (최대 12개월),PM30000107,B tv+,1,286768,685,"20260801",0,0,0,0,0,0,,2751,2751,1872,231,1742
C2600TB,[주기성] 26년 7월_B tv+ 7월 비플리 하위_가입자 제외,DummyOffer,-,,,1,1338,0,,0,0,0,0,0,0,,0,0,0,0,0
C2600TE,[보정용] SEG 재발송,,-,,,0,9752,0,,0,0,0,0,0,0,,0,0,0,0,0
C2600TF,"지상파 월정액 3개월 5,500원_7월 1차",A1CP1020261000121373,"[쿨썸머 특가] 지상파 월정액 3개월 내내 월 5,500원",PM30000150,지상파 3사 월정액,1,499921,2723,"20260814",0,0,0,0,0,0,,267242,267223,198475,10354,193729
C2600TG,JTBC 월정액 3개월 70% 할인_7월 1차,A1SA1020261000121374,[쿨썸머 특가] JTBC 월정액 3개월 내내 70% 할인,PM30000269,JTBC 월정액,1,499941,967,"20260731",0,0,0,0,0,0,,270443,270422,203274,11102,197557
C2600TH,<살목지> 할인쿠폰 프로모션,A1SA1020261000121380,"[살목지 런칭] 영화 3,300원 할인",,,1,3000,412,"20260714",1,3000,1494,755,0,755,"20260724",2181,2180,1890,117,1849
C2600TI,JTBC 월정액 3개월 70% 할인_7월 2차,A1SA1020261000121374,[쿨썸머 특가] JTBC 월정액 3개월 내내 70% 할인,PM30000269,JTBC 월정액,1,499877,151,"20260731",0,0,0,0,0,0,,276512,276475,183794,7481,179064
C2600TJ,<데드 오브 윈터> 할인쿠폰 프로모션,A1SA1020261000121361,"[데드 오브 윈터 런칭] 영화 3,300원 할인",,,1,733,396,"20260730",1,733,365,208,0,208,"20260718",476,476,378,49,354
C2600TK,<메가 샤크 어택> 할인쿠폰 프로모션,A1SA1020261000121369,"[메가 샤크 어택 런칭] 영화 5,500원 할인",,,1,924,472,"20260731",1,924,490,296,0,296,"20260719",681,681,542,54,515
C2600TL,"7월 성인 1+1 프로모션 (7/1~7/10)",A1SA1020261000121370,"[1+1이벤트] 3,300원 할인 쿠폰",,,1,8396,4362,"20260721",1,8396,4257,2087,0,2087,"20260729",6004,6004,4351,435,4086
C2600TM,<신의 악단> 할인쿠폰 프로모션,A1SA1020261000121384,"[신의 악단 런칭] 영화 3,300원 할인",,,1,3634,889,"20260731",1,3634,2056,1189,0,1189,"20260730",2708,2708,2262,249,2150
C2600TN,"7월 성인 1+1 프로모션_모바일 (7/1~7/10)",A1SA1020261000121371,"[1+1이벤트] 3,300원 할인 쿠폰 (모바일)",,,1,1204,667,"20260720",1,1204,566,283,0,283,"20260728",745,745,541,53,510
C2600TO,<마이클> 할인쿠폰 프로모션,A1SA1020261000121261,"[마이클 런칭] 영화 3,300원 할인",,,1,3000,519,"20260724",1,3000,1157,664,0,664,"20260726",2192,2192,1834,143,1774
C2600TR,신작혜택파티 프로모션 타겟안내,,-,,,0,11712,0,,0,0,0,0,0,0,,0,0,0,0,0
C2600TT,<현상수배> 타겟 프로모션_30%_0702,A1SA1020261000121372,[즉시 할인] 현상수배 30% 할인쿠폰,,,1,745542,346,"20260708",0,0,0,0,0,0,,510206,510192,439200,27040,432060
C2600TW,"2607_무빙 연장 동의_TDB_3차",,-,,,0,3853,0,,0,0,0,0,0,0,,0,0,0,0,0
C2600TX,"2607_주기성_전환동의 띠배너",,-,,,0,6547,0,,0,0,0,0,0,0,,0,0,0,0,0
C2600TY,"2607_주기성_전환동의 띠배너 편성제외",,-,,,0,363,0,,0,0,0,0,0,0,,0,0,0,0,0
C2600TZ,"지상파 월정액 3개월 5,500원_7월 2차",A1CP1020261000121373,"[쿨썸머 특가] 지상파 월정액 3개월 내내 월 5,500원",PM30000150,지상파 3사 월정액,1,280732,1556,"20260731",0,0,0,0,0,0,,147067,147052,99416,4665,96149
C2600U0,[팝업] 밸류애드팀 STB 교체(26.7.6)_1-1차,,-,,,0,247637,0,,0,0,0,0,0,0,,0,0,0,0,0
C2600U1,[팝업] 밸류애드팀 STB 교체(26.7.6)_1-2차,,-,,,0,349288,0,,0,0,0,0,0,0,,0,0,0,0,0
C2600U2,[팝업] 밸류애드팀 STB 교체(26.7.6)_1-3차,,-,,,0,211647,0,,0,0,0,0,0,0,,0,0,0,0,0
C2600U3,[팝업] 밸류애드팀 Btv 업_단기(26.7.7)_1-1차,,-,,,0,277471,0,,0,0,0,0,0,0,,0,0,0,0,0
C2600U4,[팝업] 밸류애드팀 Btv 업_단기(26.7.7)_1-2차,,-,,,0,303854,0,,0,0,0,0,0,0,,0,0,0,0,0
C2600U5,[팝업] 밸류애드팀 Btv 업_단기(26.7.7)_1-3차,,-,,,0,154051,0,,0,0,0,0,0,0,,0,0,0,0,0
C2600U6,[팝업] B tv All+(조합형)(26.7.7)_1-1차,,-,,,0,571940,0,,0,0,0,0,0,0,,0,0,0,0,0
C2600U7,[팝업] B tv 스탠다드+(조합형)_(26.7.7)_1-1차,,-,,,0,442585,0,,0,0,0,0,0,0,,0,0,0,0,0
C2600U8,[팝업] 밸류애드팀 Btv 업_장기(26.7.8)_1-1차,,-,,,0,381531,0,,0,0,0,0,0,0,,0,0,0,0,0
C2600U9,[팝업] 밸류애드팀 Btv 업_장기(26.7.8)_1-2차,,-,,,0,381280,0,,0,0,0,0,0,0,,0,0,0,0,0
C2600UA,[팝업] 밸류애드팀 Btv 업_장기(26.7.8)_1-3차,,-,,,0,369376,0,,0,0,0,0,0,0,,0,0,0,0,0
C2600UB,[팝업] 밸류애드팀 Btv 업_장기(26.7.8)_1-4차,,-,,,0,221451,0,,0,0,0,0,0,0,,0,0,0,0,0
C2600UC,"26년 7월_B tv+ 비플리_UI 541 이상_쿠폰&배너_1",A1CP1020261000121365,[고객님만 혜택] B tv+ 반값 할인 (최대 12개월),PM30000107,B tv+,1,790150,1334,"20260813",0,0,0,0,0,0,,563581,563563,441821,27584,431043
C2600UD,"26년 7월_B tv+ 비플리_UI 541 이상_쿠폰&배너_2",A1CP1020261000121365,[고객님만 혜택] B tv+ 반값 할인 (최대 12개월),PM30000107,B tv+,1,789972,654,"20260731",0,0,0,0,0,0,,575705,575672,435282,26755,424638
C2600UE,"26년 7월_B tv+ 비플리_UI 541 이상_쿠폰&배너_3",A1CP1020261000121365,[고객님만 혜택] B tv+ 반값 할인 (최대 12개월),PM30000107,B tv+,1,794229,311,"20260731",0,0,0,0,0,0,,731897,731876,580076,27067,570737
C2600UF,"26년 7월_B tv+ 비플리_UI 541 이상_쿠폰&배너_4",A1CP1020261000121365,[고객님만 혜택] B tv+ 반값 할인 (최대 12개월),PM30000107,B tv+,1,303049,49,"20260731",0,0,0,0,0,0,,276106,276101,200641,8614,197399
C2600UG,"2607_무빙 연장 동의_TV팝업_15차",,-,,,0,3853,0,,0,0,0,0,0,0,,0,0,0,0,0
C2600UI,수요1+1무비쿠폰(7월 프로모션 안내),,-,,,0,3801871,0,,0,0,0,0,0,0,,0,0,0,0,0
C2600UJ,[보정용] 26년 7월_B tv+ 비플리_UI 541 이상_쿠폰&배너_3,DummyOffer,-,,,1,396746,0,,0,0,0,0,0,0,,0,0,0,0,0
C2600UK,JTBC 월정액 3개월 70% 할인_7월 1차(배너),DummyOffer,-,,,1,499183,0,,0,0,0,0,0,0,,0,0,0,0,0
C2600UL,"CJ ENM 월정액 3개월 5,500원_7월 1차(배너)",DummyOffer,-,,,1,498308,0,,0,0,0,0,0,0,,0,0,0,0,0
C2600UM,[모바일 B tv] '26년 7월 수요 1+1 무비 쿠폰 앱푸쉬 (Mass),,-,,,0,915733,0,,0,0,0,0,0,0,,0,0,0,0,0
C2600UN,"26년 7월_B tv+ KBS 이승철 콘서트_UI 541 이상_1",DummyOffer,-,,,1,1069382,0,,1,1069114,890130,591379,21589,578681,"20260731",0,0,0,0,0
C2600UO,수요1+1무비쿠폰(7월 금토일 타겟편성),,-,,,0,650,0,,0,0,0,0,0,0,,0,0,0,0,0
C2600UP,<서퍼> 할인쿠폰 프로모션,A1SA1020261000121460,"[서퍼 런칭] 영화 3,300원 할인",,,1,442,240,"20260802",1,442,206,104,0,104,"20260724",301,301,226,18,216
C2600UQ,"2607_비플/캐치온 왕사남 해지취소",,-,,,0,2088,0,,1,2088,1414,833,46,787,"20260731",0,0,0,0,0
C2600US,<잠금: 셧다운> 할인쿠폰 프로모션,A1SA1020261000121462,"[잠금: 셧다운 런칭] 영화 5,500원 할인",,,1,405,227,"20260802",1,405,142,88,0,88,"20260729",258,258,193,14,181
C2600UT,"7월 성인 1+1 앵콜 프로모션_모바일 (7/11~7/20)",A1SA1020261000121459,"[1+1 앵콜 이벤트] 3,300원 할인 쿠폰 (모바일)",,,1,749,406,"20260731",1,749,331,157,0,157,"20260725",488,488,347,22,335
C2600UU,"7월 성인 1+1 앵콜 프로모션_모바일 (7/11~7/20)",A1SA1020261000121458,"[1+1 앵콜 이벤트] 3,300원 할인 쿠폰",,,1,7886,3765,"20260731",1,7886,3023,1469,0,1469,"20260731",5382,5382,3747,354,3525
C2600UV,모아나 소장용 패키지 프로모션 (7/10),A1SA1020261000121465,"[모아나 패키지 구매] 영화 5,500원 할인",,,1,807,180,"20260802",1,807,436,247,0,247,"20260725",618,618,511,69,481
C2600UW,"26년 7월_B tv+ KBS 이승철 콘서트_UI 541 이상_2",DummyOffer,-,,,1,1069490,0,,1,1069247,893346,597807,21975,585204,"20260731",0,0,0,0,0
C2600UX,"26년 7월_B tv+ KBS 이승철 콘서트_UI 541 이상_3",DummyOffer,-,,,1,534234,0,,1,534103,447516,299359,10731,293217,"20260731",0,0,0,0,0
C2600UY,[팝업] 밸류애드팀 STB 교체(26.7.13)_2-1차,,-,,,0,247238,0,,0,0,0,0,0,0,,0,0,0,0,0
C2600UZ,[팝업] 밸류애드팀 STB 교체(26.7.13)_2-2차,,-,,,0,343762,0,,0,0,0,0,0,0,,0,0,0,0,0
C2600V0,[팝업] 밸류애드팀 STB 교체(26.7.13)_2-3차,,-,,,0,197927,0,,0,0,0,0,0,0,,0,0,0,0,0
C2600V1,[팝업] 밸류애드팀 Btv 업_단기(26.7.14)_2-1차,,-,,,0,285514,0,,0,0,0,0,0,0,,0,0,0,0,0
C2600V2,[팝업] 밸류애드팀 Btv 업_단기(26.7.14)_2-2차,,-,,,0,299847,0,,0,0,0,0,0,0,,0,0,0,0,0
C2600V3,[팝업] 밸류애드팀 Btv 업_단기(26.7.14)_2-3차,,-,,,0,135804,0,,0,0,0,0,0,0,,0,0,0,0,0
C2600V4,[팝업] B tv All+(조합형)(26.7.14)_2-1차,,-,,,0,592617,0,,0,0,0,0,0,0,,0,0,0,0,0
C2600V5,[팝업] B tv 스탠다드+(조합형)_(26.7.14)_2-1차,,-,,,0,454015,0,,0,0,0,0,0,0,,0,0,0,0,0
C2600V6,[팝업] 밸류애드팀 Btv 업_장기(26.7.15)_2-1차,,-,,,0,294182,0,,0,0,0,0,0,0,,0,0,0,0,0
C2600V7,[팝업] 밸류애드팀 Btv 업_장기(26.7.15)_2-2차,,-,,,0,373270,0,,0,0,0,0,0,0,,0,0,0,0,0
C2600V8,[팝업] 밸류애드팀 Btv 업_장기(26.7.15)_2-3차,,-,,,0,391320,0,,0,0,0,0,0,0,,0,0,0,0,0
C2600V9,[팝업] 밸류애드팀 Btv 업_장기(26.7.15)_2-4차,,-,,,0,333424,0,,0,0,0,0,0,0,,0,0,0,0,0
C2600VA,[보정용] 26년 7월_B tv+ KBS 이승철 콘서트_UI 541 이상_2,DummyOffer,-,,,1,535526,0,,0,0,0,0,0,0,,0,0,0,0,0
C2600VB,"2607_무빙 연장 동의_TV팝업_16차",,-,,,0,3758,0,,0,0,0,0,0,0,,0,0,0,0,0
C2600VC,"2607_비플/캐치온 왕사남 해지취소_1주차_TV팝업",,-,,,0,2064,0,,0,0,0,0,0,0,,0,0,0,0,0
C2600VD,"CJ ENM 월정액 3개월 5,500원_7월 2차",A1CP1020261000121358,"[쿨썸머 특가] CJ ENM 월정액 3개월 내내 월 5,500원",PM30000154,CJ ENM 월정액,1,191372,650,"20260731",0,0,0,0,0,0,,106138,106129,73227,3558,70906
C2600VF,"2607_SPOTV LAFC 럭키 슈팅 이벤트",DummyOffer,-,,,1,1332328,0,,0,0,0,0,0,0,,0,0,0,0,0
C2600VG,"2607_비플/캐치온 왕사남 해지취소_2주차_토팝",,-,,,0,1965,0,,1,1965,1423,808,38,770,"20260730",0,0,0,0,0
C2600VH,"26년 7월_B tv+ KBS 이승철 콘서트_타임딜_UI 541 이상_1",A1CP1020261000121559,"[이승철 특가] B tv+ 월 5,500원 이용 혜택 (최대 12개월)",PM30000107,B tv+,1,1065442,512,"20260816",1,1064601,842278,554405,19393,542757,"20260731",853351,853338,641827,30397,631136
C2600VH,"26년 7월_B tv+ KBS 이승철 콘서트_타임딜_UI 541 이상_1",DummyOffer,-,,,1,1064601,0,,1,1064601,842278,554405,19393,542757,"20260731",0,0,0,0,0
C2600VJ,"2607_비플/캐치온 왕사남 해지취소_2주차_TV팝업",,-,,,0,1945,0,,0,0,0,0,0,0,,0,0,0,0,0
C2600VK,"2607_무빙 연장 동의_TV팝업_17차",,-,,,0,3686,0,,0,0,0,0,0,0,,0,0,0,0,0
C2600VL,"2607_SPOTV 럭키슈팅 이벤트_B캐시 발급",PR102026100000126962,-,,,1,11299,0,,0,0,0,0,0,0,,0,0,0,0,0
C2600VM,<헬파이어: 시수의 길> 할인쿠폰 프로모션,A1SA1020261000121461,"[헬파이어: 시수의 길 런칭] 영화 5,500원 할인",,,1,435,259,"20260802",1,435,167,92,0,92,"20260731",249,249,175,17,159
C2600VN,<엘리베이션> 할인쿠폰 프로모션,A1SA1020261000121463,"[엘리베이션 런칭] 영화 3,300원 할인",,,1,3533,1689,"20260802",1,3533,1352,813,0,813,"20260731",2457,2456,1821,151,1702
C2600VP,[팝업] 밸류애드팀 STB 교체(26.7.20)_3-1차,,-,,,0,244732,0,,0,0,0,0,0,0,,0,0,0,0,0
C2600VQ,[팝업] 밸류애드팀 STB 교체(26.7.20)_3-2차,,-,,,0,338955,0,,0,0,0,0,0,0,,0,0,0,0,0
C2600VR,[팝업] 밸류애드팀 STB 교체(26.7.20)_3-3차,,-,,,0,194822,0,,0,0,0,0,0,0,,0,0,0,0,0
C2600VS,[팝업] 밸류애드팀 Btv 업_단기(26.7.21)_3-1차,,-,,,0,283248,0,,0,0,0,0,0,0,,0,0,0,0,0
C2600VT,[팝업] 밸류애드팀 Btv 업_단기(26.7.21)_3-2차,,-,,,0,298594,0,,0,0,0,0,0,0,,0,0,0,0,0
C2600VU,[팝업] 밸류애드팀 Btv 업_단기(26.7.21)_3-3차,,-,,,0,135002,0,,0,0,0,0,0,0,,0,0,0,0,0
C2600VV,[팝업] B tv All+(조합형)(26.7.21)_3-1차,,-,,,0,585649,0,,0,0,0,0,0,0,,0,0,0,0,0
C2600VW,[팝업] B tv 스탠다드+(조합형)_(26.7.21)_3-1차,,-,,,0,451235,0,,0,0,0,0,0,0,,0,0,0,0,0
C2600VX,[팝업] 밸류애드팀 Btv 업_장기(26.7.22)_3-1차,,-,,,0,290360,0,,0,0,0,0,0,0,,0,0,0,0,0
C2600VY,[팝업] 밸류애드팀 Btv 업_장기(26.7.22)_3-2차,,-,,,0,368600,0,,0,0,0,0,0,0,,0,0,0,0,0
C2600VZ,[팝업] 밸류애드팀 Btv 업_장기(26.7.22)_3-3차,,-,,,0,388122,0,,0,0,0,0,0,0,,0,0,0,0,0
C2600W0,[팝업] 밸류애드팀 Btv 업_장기(26.7.22)_3-4차,,-,,,0,330805,0,,0,0,0,0,0,0,,0,0,0,0,0
C2600W1,"26년 7월_B tv+ KBS 이승철 콘서트_타임딜_UI 541 이상_2",A1CP1020261000121559,"[이승철 특가] B tv+ 월 5,500원 이용 혜택 (최대 12개월)",PM30000107,B tv+,1,1064956,438,"20260722",1,1064473,837655,547013,18999,535525,"20260731",850435,850414,639947,30331,629077
C2600W1,"26년 7월_B tv+ KBS 이승철 콘서트_타임딜_UI 541 이상_2",DummyOffer,-,,,1,1064473,0,,1,1064473,837655,547013,18999,535525,"20260731",0,0,0,0,0
C2600W2,"26년 7월_B tv+ KBS 이승철 콘서트_타임딜_UI 541 이상_3",A1CP1020261000121559,"[이승철 특가] B tv+ 월 5,500원 이용 혜택 (최대 12개월)",PM30000107,B tv+,1,532007,218,"20270719",1,531780,415885,268642,9345,262884,"20260731",424271,424262,313885,14948,308439
C2600W2,"26년 7월_B tv+ KBS 이승철 콘서트_타임딜_UI 541 이상_3",DummyOffer,-,,,1,531780,0,,1,531780,415885,268642,9345,262884,"20260731",0,0,0,0,0
C2600W3,비캐시 유효기간 임박고객 콘텐츠 구매 알림,,-,,,0,167,0,,1,167,107,59,0,59,"20260723",0,0,0,0,0
C2600W6,AI커머스광고 7월 프로모션_복날 챌린지,,-,,,0,4581262,0,,0,0,0,0,0,0,,0,0,0,0,0
C2600W7,"7월 성인 1+1 이열치열 프로모션 (7/21~/20)",A1SA1020261000121561,"[1+1 이열치열 이벤트] 3,300원 할인 쿠폰",,,1,8263,2585,"20260802",1,8263,1791,894,0,894,"20260731",4449,4448,2797,247,2620
C2600WB,"2607_비플/캐치온 왕사남 해지취소_3주차_토팝",,-,,,0,1805,0,,1,1805,1174,668,44,624,"20260731",0,0,0,0,0
C2600WC,"지상파 월정액 3개월 5,500원_7월 3차",A1CP1020261000121373,"[쿨썸머 특가] 지상파 월정액 3개월 내내 월 5,500원",PM30000150,지상파 3사 월정액,1,487938,544,"20260731",0,0,0,0,0,0,,298523,298468,191383,9656,185473
C2600WD,통합 월정액 3개월 내내 80% 할인,A1CP1020261000121658,[쿨썸머 특가] 주요 월정액 3개월 내내 80% 할인 (택1),PM30000176,"19월정액",1,477943,835,"20260731",0,0,0,0,0,0,,256175,256123,153916,7309,148980
C2600WF,<군체[예약구매]> 할인쿠폰 프로모션,A1SA1020261000121562,"[군체 예약] 영화 4,400원 할인",,,1,1118,308,"20260802",1,1118,414,296,0,296,"20260727",688,688,504,75,440
C2600WG,<디스클로저 데이> 할인쿠폰 프로모션,A1SA1020261000121558,"[디스클로저 데이 런칭] 영화 3,300원 할인",,,1,3023,845,"20260802",1,3023,792,495,0,495,"20260731",1695,1695,1254,113,1149
C2600WH,<군체> 할인쿠폰 프로모션,A1SA1020261000121563,[군체 런칭] 영화 20% 할인,,,1,22531,2387,"20260802",1,22531,7148,4150,0,4150,"20260731",15869,15865,11123,819,10400
C2600WI,<뮌터 & 칸딘스키 - 사랑의 초상> 할인쿠폰 프로모션,A1SA1020261000121560,"[뮌터 & 칸딘스키 - 사랑의 초상 런칭] 영화 5,500원 할인",,,1,59,23,"20260802",1,59,15,10,0,10,"20260731",27,27,17,0,17
C2600WJ,"CJ ENM 월정액 3개월 5,500원_7월 3차",A1CP1020261000121358,"[쿨썸머 특가] CJ ENM 월정액 3개월 내내 월 5,500원",PM30000154,CJ ENM 월정액,1,383699,141,"20260731",0,0,0,0,0,0,,198059,198021,118522,4530,115025
C2600WK,JTBC 월정액 3개월 70% 할인_7월 3차,A1SA1020261000121374,[쿨썸머 특가] JTBC 월정액 3개월 내내 70% 할인,PM30000269,JTBC 월정액,1,418250,189,"20260731",0,0,0,0,0,0,,188082,188053,114907,5614,111312
C2600WL,"2607_비플/캐치온 왕사남 해지취소_3주차_TV팝업",,-,,,0,1681,0,,0,0,0,0,0,0,,0,0,0,0,0
C2600WM,"2607_무빙 연장 동의_TV팝업_18차",,-,,,0,3573,0,,0,0,0,0,0,0,,0,0,0,0,0
C2600WN,[주기성] 26년 7월_B tv+ 7월 비플리 상위_가입자 제외,DummyOffer,-,,,1,12624,0,,0,0,0,0,0,0,,0,0,0,0,0
C2600WO,[팝업] 밸류애드팀 STB 교체(26.7.27)_4-1차,,-,,,0,243684,0,,0,0,0,0,0,0,,0,0,0,0,0
C2600WP,[팝업] 밸류애드팀 STB 교체(26.7.27)_4-2차,,-,,,0,337653,0,,0,0,0,0,0,0,,0,0,0,0,0
C2600WQ,[팝업] 밸류애드팀 STB 교체(26.7.27)_4-3차,,-,,,0,194458,0,,0,0,0,0,0,0,,0,0,0,0,0
C2600WR,[팝업] 밸류애드팀 Btv 업_단기(26.7.28)_4-1차,,-,,,0,281287,0,,0,0,0,0,0,0,,0,0,0,0,0
C2600WS,[팝업] 밸류애드팀 Btv 업_단기(26.7.28)_4-2차,,-,,,0,298025,0,,0,0,0,0,0,0,,0,0,0,0,0
C2600WT,[팝업] 밸류애드팀 Btv 업_단기(26.7.28)_4-3차,,-,,,0,134543,0,,0,0,0,0,0,0,,0,0,0,0,0
C2600WU,[팝업] B tv All+(조합형)(26.7.28)_4-1차,,-,,,0,582092,0,,0,0,0,0,0,0,,0,0,0,0,0
C2600WV,[팝업] B tv 스탠다드+(조합형)_(26.7.28)_4-1차,,-,,,0,449664,0,,0,0,0,0,0,0,,0,0,0,0,0
C2600WW,AI커머스광고 7월 프로모션_복날 챌린지 2차,,-,,,0,4592692,0,,0,0,0,0,0,0,,0,0,0,0,0
C2600WX,[팝업] 밸류애드팀 Btv 업_장기(26.7.29)_4-1차,,-,,,0,288749,0,,0,0,0,0,0,0,,0,0,0,0,0
C2600WY,[팝업] 밸류애드팀 Btv 업_장기(26.7.29)_4-2차,,-,,,0,367225,0,,0,0,0,0,0,0,,0,0,0,0,0
C2600WZ,[팝업] 밸류애드팀 Btv 업_장기(26.7.29)_4-3차,,-,,,0,386629,0,,0,0,0,0,0,0,,0,0,0,0,0
C2600X0,[팝업] 밸류애드팀 Btv 업_장기(26.7.29)_4-4차,,-,,,0,329668,0,,0,0,0,0,0,0,,0,0,0,0,0
C2600X2,<군체> 런칭 안내 팝업 (7/25),,-,,,0,6386960,0,,0,0,0,0,0,0,,0,0,0,0,0
C2600X8,"26년 7월_B tv+ 7월 4주차 복날 타임딜_UI 541 이상_3_F",A1CP1020261000121662,"[복날 치킨비] B tv+ 월 5,500원 이용 혜택 (최대 12개월)",PM30000107,B tv+,1,790650,150,"20260726",1,790381,458852,242733,5525,237211,"20260731",717873,717861,544832,21439,537177
C2600X8,"26년 7월_B tv+ 7월 4주차 복날 타임딜_UI 541 이상_3_F",DummyOffer,-,,,1,790381,0,,1,790381,458852,242733,5525,237211,"20260731",0,0,0,0,0
C2600X9,비캐시 혜택위크 프로모션 안내(2),,-,,,0,1644449,0,,0,0,0,0,0,0,,0,0,0,0,0
C2600XB,"26년 7월_B tv+ 7월 4주차 복날 타임딜_UI 541 이상_4_F",A1CP1020261000121662,"[복날 치킨비] B tv+ 월 5,500원 이용 혜택 (최대 12개월)",PM30000107,B tv+,1,301413,38,"20260726",1,301402,114951,49185,1313,47873,"20260731",267849,267845,179326,6420,176301
C2600XB,"26년 7월_B tv+ 7월 4주차 복날 타임딜_UI 541 이상_4_F",DummyOffer,-,,,1,301402,0,,1,301402,114951,49185,1313,47873,"20260731",0,0,0,0,0
C2600XC,비캐시 혜택위크 프로모션 안내(1),,-,,,0,1232993,0,,0,0,0,0,0,0,,0,0,0,0,0
C2600XD,"26년 7월_B tv+ 7월 4주차 복날 타임딜_UI 541 이상_1_F",A1CP1020261000121662,"[복날 치킨비] B tv+ 월 5,500원 이용 혜택 (최대 12개월)",PM30000107,B tv+,1,782731,600,"20260726",1,782344,325908,179456,5557,173899,"20260731",535541,535520,407085,20047,399364
C2600XD,"26년 7월_B tv+ 7월 4주차 복날 타임딜_UI 541 이상_1_F",DummyOffer,-,,,1,782344,0,,1,782344,325908,179456,5557,173899,"20260731",0,0,0,0,0
C2600XE,"26년 7월_B tv+ 7월 4주차 복날 타임딜_UI 541 이상_2_F",A1CP1020261000121662,"[복날 치킨비] B tv+ 월 5,500원 이용 혜택 (최대 12개월)",PM30000107,B tv+,1,787593,317,"20260726",1,787528,360814,181986,6282,175704,"20260731",550419,550401,404603,20126,395972
C2600XE,"26년 7월_B tv+ 7월 4주차 복날 타임딜_UI 541 이상_2_F",DummyOffer,-,,,1,787528,0,,1,787528,360814,181986,6282,175704,"20260731",0,0,0,0,0
C2600XF,비캐시 혜택 위크(군체 구매자 제외2),,-,,,0,1644448,0,,0,0,0,0,0,0,,0,0,0,0,0
C2600XG,"26년 7월 B tv+ 할인 연장 캠페인_6개월/9개월 할인재연",A1CP1020261000121664,"[가입 유지 선물] B tv+ 월 5,500원 이용 혜택 6개월 자동 연장_7월",,,1,2438,2340,"20261101",1,2438,1845,1097,0,1097,"20260731",3,3,3,0,3
C2600XH,"26년 7월 B tv+ 50% 할인 연장 캠페인_25년9월할인",A1CP1020261000121665,[가입 유지 선물] B tv+ 50% 할인 혜택 6개월 자동 연장_7월,,,1,416,414,"20260911",1,416,325,179,0,179,"20260730",2,2,2,0,2
C2600XK,군체 타겟 프로모션_배너 노출_0724_수정,DummyOffer,-,,,1,22531,0,,0,0,0,0,0,0,,0,0,0,0,0
C2600XL,[타겟] 최신 리모컨 무상 업그레이드 (7/27),,-,,,0,14380,0,,0,0,0,0,0,0,,0,0,0,0,0
C2600XM,<슈퍼걸> 할인쿠폰 프로모션,A1SA1020261000121659,"[슈퍼걸 런칭] 영화 5,500원 할인",,,1,1740,176,"20260802",1,1740,183,126,0,126,"20260731",480,480,340,36,307
C2600XO,<순례자들은 왜 돌아오지 않는가> 할인쿠폰 프로모션,A1SA1020261000121672,"[순례자들은 왜 돌아오지 않는가 런칭] 영화 5,500원 할인",,,1,18,2,"20260802",1,18,1,0,0,0,"20260730",2,2,2,0,2
C2600XP,<짝사랑 세계> 할인쿠폰 프로모션,A1SA1020261000121673,"[짝사랑 세계 런칭] 영화 5,500원 할인",,,1,36,3,"20260802",1,36,1,0,0,0,"20260731",4,4,4,1,3
C2600XQ,통합 월정액 3개월 내내 80% 할인_8월 2차,A1CP1020261000121658,[쿨썸머 특가] 주요 월정액 3개월 내내 80% 할인 (택1),PM30000176,"19월정액",1,499593,770,"20260801",0,0,0,0,0,0,,304646,304620,196283,10640,188575
C2600XS,[타겟] 최신 리모컨 무상 업그레이드 (7/28),,-,,,0,14353,0,,0,0,0,0,0,0,,0,0,0,0,0
C2600XV,[타겟] 최신 리모컨 무상 업그레이드 (7/29),,-,,,0,3358,0,,0,0,0,0,0,0,,0,0,0,0,0
C2600XX,"26년 8월_B tv+ 비플리_UI 541 이상_쿠폰&배너_1",A1CP1020261000121764,[8월혜택] B tv+ 12개월 50% 할인,PM30000107,B tv+,1,793741,445,"20260802",0,0,0,0,0,0,,403785,403748,226253,9811,217562
C2600XY,"26년 8월_B tv+ 비플리_UI 541 이하_배너",DummyOffer,-,,,1,280659,0,,0,0,0,0,0,0,,0,0,0,0,0
C2600XZ,"26년 8월_B tv+ 비플리_UI 541 이상_쿠폰&배너_2",A1CP1020261000121764,[8월혜택] B tv+ 12개월 50% 할인,PM30000107,B tv+,1,791562,144,"20260802",0,0,0,0,0,0,,377456,377420,208772,7607,201964
C2600Y0,"26년 8월_B tv+ 비플리_UI 541 이상_쿠폰&배너_3",A1CP1020261000121764,[8월혜택] B tv+ 12개월 50% 할인,PM30000107,B tv+,1,795082,29,"20260802",0,0,0,0,0,0,,60536,60533,37653,871,36833
C2600Y1,"26년 8월_B tv+ 비플리_UI 541 이상_쿠폰&배너_4",A1CP1020261000121764,[8월혜택] B tv+ 12개월 50% 할인,PM30000107,B tv+,1,314826,16,"20260802",0,0,0,0,0,0,,170032,170023,78490,2066,76602
C2600Y2,[타겟] 최신 리모컨 무상 업그레이드 (7/30),,-,,,0,2207,0,,0,0,0,0,0,0,,0,0,0,0,0
C2600YG,[주기성] 26년 8월_B tv+ 8월 비플리_가입자 제외,DummyOffer,-,,,1,4962,0,,0,0,0,0,0,0,,0,0,0,0,0
